age,income,debt,credit_score,employment_years,is_homeowner,education_level,is_married,previous_loans,approved
56,20778,47829,489,4,0,Master,0,0,0
46,15473,30750,687,27,1,Bachelor,1,7,1
32,12461,10576,728,38,1,High School,0,8,1
60,24116,16566,583,19,0,Bachelor,0,0,1
25,23098,7190,536,23,1,High School,0,7,1
38,18596,23071,493,26,0,Bachelor,1,9,1
56,3529,38333,586,29,1,Bachelor,0,1,0
36,22342,15369,435,26,1,Bachelor,0,3,1
40,27288,24035,470,25,1,Bachelor,0,1,0
28,22975,1589,458,6,1,High School,1,1,1
28,29723,25235,500,37,0,High School,1,9,0
41,26279,159,786,4,1,High School,0,2,1
53,15765,12145,856,22,1,High School,0,7,1
57,16910,15373,882,27,1,Bachelor,1,3,1
41,14561,31921,803,33,1,High School,1,6,1
20,12131,39323,670,14,0,High School,0,9,0
39,3525,16237,402,31,1,High School,1,2,0
19,25861,41971,424,25,1,PhD,1,9,1
41,19385,8244,612,30,0,High School,0,10,1
61,3374,14743,757,18,0,Bachelor,1,2,1
47,29916,31566,529,8,0,High School,1,1,0
55,15197,46101,496,28,1,High School,1,5,1
19,7648,46109,722,38,1,High School,0,5,0
38,5365,18691,871,3,0,Bachelor,0,0,1
50,20909,33996,470,2,0,Bachelor,0,6,0
29,4646,5590,681,28,1,Master,0,3,1
39,3013,5585,472,10,1,High School,1,10,1
61,7599,9227,752,32,0,High School,1,2,1
42,5278,28278,649,37,0,Master,1,7,1
44,17296,38814,793,10,1,High School,1,1,1
59,6155,12237,303,26,0,Bachelor,0,8,0
45,11321,15649,392,32,0,Bachelor,1,7,1
33,6814,37713,305,20,1,High School,1,7,1
32,16125,7927,587,38,1,Bachelor,0,2,1
64,6216,45409,445,30,0,High School,1,3,0
61,29616,48766,723,37,0,High School,0,1,0
20,27603,46154,756,1,0,High School,1,1,0
54,5113,7016,501,26,0,Master,1,3,1
24,28828,14027,511,35,1,High School,0,5,1
38,23740,48688,305,10,1,Bachelor,1,4,1
26,13238,24142,675,17,1,Master,1,0,1
56,16760,46520,746,0,1,Bachelor,0,9,1
35,24927,23545,405,34,1,Bachelor,0,0,0
21,23939,31897,700,34,0,High School,0,5,0
42,15588,3167,395,30,1,High School,1,2,1
31,26446,44757,687,27,1,High School,1,2,1
26,6374,26917,751,38,1,Bachelor,1,6,1
43,9430,22736,715,0,0,PhD,1,0,0
19,22850,27990,803,24,1,Master,1,0,1
37,22465,14087,753,37,1,Master,0,9,1
45,14970,22440,590,19,1,Master,1,2,1
64,3629,35205,833,2,0,High School,0,7,1
24,19653,15275,492,1,1,Bachelor,0,0,0
61,13831,5276,449,17,1,Master,1,9,1
25,29569,41627,814,9,1,High School,0,3,1
64,8724,40586,692,4,1,PhD,1,8,1
52,25281,37496,615,8,0,High School,1,3,1
31,14083,19008,375,1,0,Bachelor,0,9,0
34,16149,5738,898,33,0,Bachelor,0,7,1
53,22816,32402,569,37,1,PhD,1,6,1
57,12472,5793,524,30,0,High School,1,2,1
21,9276,37291,829,9,1,Bachelor,0,6,1
19,18635,5571,412,11,1,Bachelor,0,6,1
23,8895,31331,550,35,0,High School,1,9,0
59,16994,16209,532,20,1,Bachelor,1,2,1
21,26499,48014,382,5,1,Bachelor,0,1,0
46,26040,25394,424,2,1,Bachelor,0,8,0
35,13552,43148,474,9,1,High School,1,0,0
43,19959,25682,368,4,1,High School,1,6,0
61,26413,2224,346,25,0,Bachelor,1,3,1
51,9099,41157,555,20,1,High School,1,1,0
27,12499,48695,329,25,0,High School,1,1,0
53,22576,44452,580,37,1,PhD,0,7,1
31,6178,43408,536,25,0,Bachelor,1,6,0
48,25436,32441,547,7,1,Bachelor,0,6,1
65,22118,41430,667,4,1,High School,1,4,1
32,9116,39129,794,14,1,High School,0,9,1
25,18563,34716,324,15,0,High School,0,7,0
31,29788,44859,885,0,1,High School,1,1,0
40,29928,26586,789,15,1,Bachelor,1,1,1
57,6568,44760,793,36,1,Bachelor,0,4,1
38,12847,23478,613,2,0,High School,1,0,0
33,29155,6318,674,30,1,High School,0,5,1
62,17135,28694,324,12,1,High School,0,3,0
35,21587,20180,633,15,0,High School,1,5,1
64,20774,12180,654,20,1,High School,0,6,1
41,4742,33002,415,1,1,Master,1,2,0
43,21309,15372,347,26,1,Bachelor,0,10,1
42,3619,29796,398,37,0,Bachelor,1,7,0
62,20658,24427,758,25,1,High School,1,6,1
58,20340,33290,822,37,1,Master,0,0,1
46,4939,28099,896,24,1,Bachelor,0,5,1
32,23337,45486,704,10,1,Bachelor,1,6,1
62,29957,9821,513,7,1,High School,1,10,1
18,19001,5832,802,7,1,PhD,0,3,1
42,3968,12820,747,32,0,Master,1,1,1
24,17846,16211,875,6,1,Master,0,9,1
26,28892,39890,557,37,1,High School,0,8,0
41,28619,5842,420,20,0,High School,0,6,1
18,3281,1316,353,7,0,High School,0,0,0
61,18360,45968,630,20,1,High School,1,7,1
25,9262,17508,540,19,1,Master,1,2,1
41,4058,22005,829,7,0,High School,1,3,0
28,23677,15206,782,30,1,High School,1,4,1
34,13724,18971,486,28,0,High School,1,0,0
25,8178,25599,561,8,1,High School,1,5,0
52,9980,22056,663,14,1,High School,1,9,1
52,12200,1378,790,29,1,Bachelor,1,5,1
50,4229,1519,730,25,0,Bachelor,1,1,1
22,28611,22161,538,9,1,High School,0,10,1
59,23969,40703,603,28,0,High School,1,9,1
56,11467,38861,597,15,1,High School,1,5,0
58,22124,5355,375,35,1,High School,1,7,1
45,5289,9083,632,19,1,Bachelor,1,5,1
24,4239,38342,773,36,0,Bachelor,1,3,1
26,8370,20456,582,21,1,Bachelor,1,3,1
25,19170,13324,890,6,1,Bachelor,0,8,1
29,3125,2257,371,22,0,High School,1,5,0
51,15504,27364,562,40,1,PhD,0,7,1
50,26857,24972,874,39,1,Master,1,7,1
65,28784,46179,311,28,1,Master,1,6,1
40,18398,26654,440,15,1,High School,0,2,0
41,24726,15233,854,37,1,Master,0,9,1
54,26735,15887,316,27,0,Master,1,0,1
52,9638,29320,362,37,1,Master,0,4,1
61,9570,20808,552,30,1,High School,0,9,0
57,6249,30154,764,13,0,Bachelor,1,9,1
39,12110,34773,675,32,1,PhD,0,1,1
44,10595,27747,819,8,1,Bachelor,0,9,1
52,16605,10860,389,26,1,Bachelor,1,1,1
18,15115,42838,474,23,0,Master,0,6,1
52,9294,42156,375,12,0,High School,0,10,0
54,25911,18156,699,25,1,Bachelor,1,2,1
64,8757,20360,370,28,0,High School,1,7,0
31,15595,18135,479,27,1,Master,1,8,1
20,4969,25351,423,27,0,High School,1,7,0
18,13985,30499,680,7,0,Bachelor,1,5,1
22,20275,47377,592,22,1,Bachelor,0,4,1
43,7470,23554,494,28,0,Bachelor,0,2,0
31,26559,49131,527,4,1,Bachelor,0,2,0
56,13225,19604,730,6,1,Master,0,6,1
44,12556,16923,735,35,0,Master,1,4,1
26,27704,47591,760,40,0,High School,1,5,1
32,12206,8547,320,26,1,High School,0,5,1
32,12991,44283,363,1,0,High School,1,8,0
43,26196,33002,464,24,1,High School,0,0,0
59,10519,14562,326,8,1,Bachelor,0,7,1
30,16669,7480,610,26,1,Master,1,9,1
49,7612,26672,584,0,1,Master,0,4,0
56,29094,4213,580,22,1,High School,0,5,1
49,15373,10293,463,9,1,High School,0,5,1
21,20582,34441,523,24,0,Bachelor,0,0,0
47,18552,2100,445,2,0,Bachelor,1,2,1
54,17646,44617,329,5,0,High School,1,5,0
40,8238,28172,344,5,1,Master,0,10,0
56,18577,20132,770,1,1,Master,0,10,1
62,25473,18199,333,17,1,High School,1,8,1
32,25641,36609,726,22,0,Master,1,5,1
60,18504,42965,520,1,1,High School,0,5,0
46,27089,8016,833,11,1,Bachelor,0,0,1
53,6719,39779,666,21,0,High School,1,8,0
30,3302,37261,849,36,1,High School,1,3,1
49,15144,31881,881,19,0,Master,0,1,1
24,20370,17058,415,38,1,High School,1,0,1
39,13055,24472,538,23,0,Bachelor,0,2,0
45,7440,41346,634,19,1,High School,1,2,0
19,24293,34926,740,0,1,High School,1,4,1
59,6072,34832,447,0,1,High School,1,0,0
62,16598,36021,308,16,1,High School,0,6,0
23,17287,24087,587,0,1,Bachelor,0,0,0
45,16965,12828,687,29,1,High School,0,3,1
45,22508,31128,349,40,1,Bachelor,1,5,1
61,12519,1401,816,2,0,Bachelor,0,0,0
61,16380,19643,886,10,1,Bachelor,0,6,1
37,29984,15193,577,23,0,High School,0,9,0
47,14865,26853,599,21,0,Master,1,6,1
28,11125,44864,888,25,1,High School,0,2,1
45,6291,20307,434,12,1,High School,0,3,0
42,7033,36982,879,0,0,High School,0,5,1
56,8105,19611,446,23,1,High School,1,10,1
50,20087,43791,789,9,1,High School,1,6,1
18,11133,11950,777,34,1,Bachelor,1,3,1
44,19958,10704,458,23,0,High School,1,9,1
30,8704,43111,683,27,1,High School,1,10,1
58,10848,11867,462,35,0,Bachelor,0,8,0
20,24592,2745,740,15,1,High School,1,8,1
56,15975,3866,488,39,0,High School,0,8,1
23,9924,32245,714,15,0,High School,0,9,0
25,23212,44724,638,16,1,Bachelor,1,5,1
44,22614,5818,480,14,1,High School,0,1,1
26,3488,48861,587,15,0,High School,0,1,0
54,10114,30116,486,14,0,Bachelor,0,10,0
50,28923,15493,437,33,1,Bachelor,1,3,1
59,18740,28038,429,10,0,Bachelor,0,8,0
61,6173,20447,493,0,1,Master,1,2,0
41,4667,30431,615,14,0,High School,1,5,0
32,29213,17908,443,25,0,High School,1,1,0
49,7114,29336,315,3,0,High School,0,0,0
49,6553,40992,601,4,1,High School,1,4,0
41,10761,4025,722,34,0,High School,0,7,1
58,4000,20093,544,12,0,High School,0,9,0
29,18638,6155,406,9,1,Bachelor,0,9,1
56,28426,46607,387,10,1,Bachelor,1,1,1
19,20772,33487,428,17,0,High School,0,9,0
20,8450,47658,640,33,1,Bachelor,0,8,1
54,6712,20963,303,38,1,High School,0,7,0
34,4367,20936,626,40,0,High School,0,2,0
19,11189,4426,709,22,0,Bachelor,1,0,1
19,12013,23303,605,6,1,High School,1,3,1
45,19838,45280,524,38,1,High School,1,7,1
40,29200,27606,647,2,1,High School,0,2,0
54,22156,47832,620,11,0,Master,0,9,1
49,6726,28151,858,6,0,Bachelor,1,1,0
50,26616,13767,480,25,1,High School,0,6,1
18,7806,11308,685,32,0,Master,1,3,1
36,5190,44245,407,36,1,Bachelor,0,5,0
19,12108,45671,830,14,1,Bachelor,1,4,1
61,15178,24770,709,1,0,Master,0,1,0
43,5875,28572,595,40,1,High School,0,9,0
49,8592,41448,470,6,1,High School,1,1,0
23,20824,2204,630,31,1,Bachelor,1,8,1
49,15592,27233,792,3,0,Bachelor,0,10,1
21,11927,21729,494,19,0,Bachelor,1,9,0
28,25443,31131,311,35,1,Bachelor,1,1,1
34,17437,33870,494,31,0,Master,0,7,1
55,14530,38011,789,27,1,Master,0,7,1
41,10010,39382,481,12,0,Master,0,0,1
22,14207,49067,615,0,1,Master,0,0,0
51,26501,41475,329,34,0,Master,1,3,1
23,28537,46681,895,29,1,High School,0,1,1
39,5989,21607,395,35,0,High School,0,0,0
28,15040,24968,680,24,1,High School,0,8,1
65,12218,33398,743,15,0,Master,1,2,1
33,25612,11908,597,18,1,Bachelor,0,0,1
50,9471,26423,660,0,0,Bachelor,0,1,0
26,5863,43615,673,4,1,High School,0,7,0
23,13693,9171,853,21,1,High School,1,4,1
33,29523,12721,602,23,0,Bachelor,0,10,1
46,4177,49429,720,36,1,High School,1,6,1
20,7760,16616,545,35,0,High School,0,5,0
37,3011,42512,536,35,1,High School,0,0,0
53,24636,38458,833,3,1,High School,1,5,1
36,19353,46169,484,35,0,Bachelor,0,10,0
43,23783,7659,767,17,0,High School,1,6,1
20,14556,43369,662,15,0,Bachelor,1,3,1
36,14563,11704,582,40,1,High School,1,7,1
37,17051,32793,852,17,0,Master,1,7,1
49,14022,48152,635,21,1,High School,0,6,0
24,11234,46473,461,1,1,Bachelor,0,10,0
58,28519,31226,459,20,1,Bachelor,1,1,1
50,29966,23852,773,35,0,High School,1,5,1
57,24829,32082,900,38,1,Master,1,5,1
56,19173,22794,621,38,1,Bachelor,0,6,1
35,29987,41420,311,28,1,High School,0,5,0
57,16178,13379,723,25,0,High School,1,1,1
18,9570,7006,372,20,0,Master,0,7,1
28,28580,8682,887,16,0,Bachelor,0,3,1
45,27596,33840,500,15,1,High School,0,8,1
42,3406,32430,821,30,0,High School,1,7,0
40,12206,23091,804,8,1,Master,0,2,1
48,7431,32983,338,30,0,Bachelor,1,2,0
47,29414,23989,359,13,1,Bachelor,0,7,1
59,24627,9915,877,36,1,High School,1,1,1
52,9542,42552,620,1,1,Bachelor,1,8,0
24,26320,18990,734,13,0,High School,0,3,1
33,11906,24734,707,32,0,High School,1,5,1
43,7146,14824,685,34,0,Bachelor,0,2,0
65,15046,36081,868,38,0,PhD,0,2,1
19,15611,11033,377,19,1,High School,1,2,1
18,16076,42736,493,1,1,High School,0,10,0
65,19524,16241,584,40,1,Bachelor,0,9,1
29,7882,5939,826,18,0,Bachelor,0,1,1
22,17113,47464,823,36,1,Master,0,7,1
54,16645,47562,455,17,1,Bachelor,1,8,1
49,9012,35063,639,15,1,High School,0,7,0
26,20347,34464,424,3,0,PhD,1,9,1
58,10151,11185,579,11,1,Bachelor,1,2,1
52,27948,27045,427,28,1,Master,0,6,1
36,6610,44769,613,6,1,Bachelor,0,10,0
65,12884,47118,631,13,1,Master,1,9,1
33,9894,19167,449,11,0,High School,0,1,0
20,16467,36412,753,34,0,High School,0,3,1
37,26695,21625,335,4,1,Master,0,5,1
41,19489,39188,719,16,1,High School,1,10,1
50,24923,27076,321,31,0,High School,1,4,0
41,12873,44605,505,9,1,Bachelor,0,8,0
28,15289,19029,655,16,1,Master,0,9,1
25,15208,22973,739,4,1,High School,1,3,1
53,13828,39121,395,8,0,Master,1,4,1
55,26171,31433,463,32,1,Bachelor,1,3,1
57,5137,43309,447,35,1,Bachelor,1,7,0
37,23829,1932,829,35,1,Master,0,7,1
52,22914,44254,593,17,1,High School,1,2,1
65,4286,1757,494,8,1,High School,0,0,0
42,18710,30722,779,28,1,High School,0,5,1
52,14371,37853,422,13,0,Bachelor,1,1,0
42,18945,38405,699,24,1,Bachelor,0,1,1
46,10052,1116,751,14,1,Master,1,2,1
35,6654,43527,403,5,0,Bachelor,0,7,0
63,26486,11691,761,28,1,Bachelor,1,2,1
35,21743,492,695,14,1,Bachelor,1,6,1
19,18600,27882,636,28,1,High School,0,9,1
52,27489,8811,898,3,0,High School,1,9,1
33,11636,27808,441,17,1,Master,0,8,1
58,9441,24272,616,38,0,High School,1,7,0
53,24431,28399,857,15,0,High School,0,0,0
50,27611,6474,826,10,1,Bachelor,1,6,1
21,24587,26956,855,13,1,High School,0,6,1
50,12667,47153,700,2,1,Master,0,7,0
31,15149,42506,609,37,0,High School,0,9,0
38,4798,13979,794,17,1,High School,0,4,1
65,29421,44523,855,19,0,High School,1,9,1
37,12600,42565,408,24,1,Bachelor,1,8,1
25,24675,28328,671,37,1,High School,1,8,1
24,8495,47375,505,12,1,Bachelor,0,7,0
20,12900,12867,342,3,0,Master,0,5,0
34,16673,25851,544,13,0,Master,0,5,1
50,14130,31279,586,32,1,High School,1,0,0
65,25668,30527,654,27,0,High School,1,5,1
29,18222,7866,775,36,1,Bachelor,0,3,1
39,26669,15449,382,7,1,Master,0,3,1
39,4300,10685,409,33,0,PhD,0,1,0
63,26253,23544,489,4,1,High School,1,10,0
47,12435,5451,550,4,1,Bachelor,1,3,1
55,22481,21642,590,30,0,High School,1,4,1
55,7616,41316,500,8,0,High School,0,4,0
62,19393,39954,625,31,0,High School,1,4,1
25,13617,38870,810,32,1,High School,1,3,1
44,8752,31030,708,2,1,High School,0,0,1
44,12852,30873,807,29,0,High School,1,9,1
51,9295,619,900,11,0,Bachelor,0,7,1
38,24199,33650,371,28,1,High School,0,2,0
47,20456,25372,546,2,1,Bachelor,1,1,0
50,6225,3642,886,25,1,High School,0,8,1
45,4316,28001,865,29,0,High School,1,6,0
64,25083,34064,643,8,0,High School,1,8,1
50,15337,29290,353,25,1,High School,0,1,0
22,9807,14122,827,1,1,Bachelor,1,8,1
65,26058,24820,831,2,0,High School,1,9,0
36,6683,2895,857,3,1,Bachelor,0,8,1
21,10227,5366,492,24,1,High School,0,10,1
52,6273,8711,357,12,1,Bachelor,0,8,1
34,26384,19596,736,38,0,Bachelor,0,9,1
61,3145,18793,410,34,1,High School,0,9,0
45,8010,8199,428,22,1,High School,0,3,1
47,19035,10717,625,8,1,High School,0,9,1
46,6040,36191,307,1,0,Bachelor,1,2,0
63,12654,10211,328,40,0,High School,0,5,0
23,29160,45550,411,30,0,Bachelor,1,2,1
52,19866,23360,430,1,1,Bachelor,1,10,0
58,22563,21542,487,31,0,Master,1,8,1
54,20633,31312,774,17,1,Bachelor,0,2,1
41,20014,45242,663,12,0,Bachelor,1,1,1
46,17996,36435,503,4,1,High School,1,7,0
63,19336,28247,511,9,1,Master,1,5,1
48,11853,22357,575,24,0,Bachelor,0,7,0
52,14695,41045,372,33,0,High School,0,6,0
50,5852,27691,542,36,0,Master,1,2,0
38,19014,12424,401,29,1,High School,0,7,1
49,3987,18852,470,6,1,Master,0,9,1
40,10622,22601,487,5,0,Master,0,0,0
50,26711,18020,740,2,1,High School,1,0,1
20,29122,8155,385,12,0,Bachelor,1,9,1
35,28225,3583,775,2,0,High School,0,7,1
42,12160,15515,351,25,0,High School,1,8,0
59,20484,36777,410,23,1,High School,1,9,1
48,9652,19710,342,5,0,Bachelor,0,5,0
20,28016,43178,510,11,0,High School,1,4,0
57,10421,24532,499,35,0,High School,1,1,0
63,24400,18601,325,1,0,Bachelor,1,10,0
41,3769,4967,598,10,1,High School,0,8,0
49,20727,18753,376,38,0,High School,1,5,1
64,17114,20022,436,33,0,High School,0,7,0
39,7358,43463,319,25,1,High School,0,8,0
40,29153,9135,739,17,0,High School,0,8,1
19,26164,5722,510,20,1,High School,1,7,1
44,25986,27413,850,35,1,PhD,1,9,1
59,14543,27236,734,39,0,Bachelor,0,7,1
19,21733,15514,506,21,1,High School,0,2,1
43,8699,43896,738,29,0,High School,1,2,1
34,20625,37212,341,29,1,High School,0,1,0
57,4125,40386,710,7,1,Bachelor,1,0,1
50,13793,20331,822,33,0,High School,0,3,0
26,28766,18060,726,8,1,High School,0,1,1
60,9764,1196,574,19,1,Master,1,1,1
65,24485,12297,747,39,1,High School,0,10,1
56,15323,2787,668,24,1,High School,0,10,1
46,16031,23816,519,18,1,Master,0,4,1
59,17052,40695,876,4,0,Bachelor,1,3,1
43,15640,19702,531,10,0,High School,1,0,0
52,10843,25242,627,14,1,Bachelor,0,8,1
42,17210,2176,742,7,0,High School,0,3,1
41,19456,20127,351,18,1,Bachelor,1,4,1
30,24856,41560,675,22,0,High School,0,6,0
24,13106,27228,562,26,0,Master,1,1,0
53,8189,20208,566,39,0,PhD,0,7,0
62,5472,28482,658,31,1,Master,0,10,1
37,20091,9171,616,25,1,Master,1,1,1
18,21188,35219,623,26,1,Bachelor,0,10,1
25,9704,33396,862,18,0,High School,1,9,1
63,6713,42589,720,28,1,High School,0,4,0
33,8051,40546,345,38,0,Bachelor,0,1,0
31,13756,3696,899,40,1,Master,1,1,1
29,5475,20058,568,32,1,High School,0,3,0
40,6610,20313,900,18,0,Master,1,3,1
32,7255,19149,680,36,1,Master,0,7,1
45,17484,45740,417,18,1,PhD,1,5,1
51,26781,41075,865,32,0,Master,1,9,1
19,4735,4956,415,15,1,High School,0,7,0
49,29161,10195,559,22,1,High School,1,6,1
40,11258,17076,374,6,0,High School,1,9,0
39,10979,1105,779,25,0,High School,0,3,1
42,5428,15417,604,31,1,Bachelor,1,1,1
39,15345,24729,306,11,1,Master,1,8,1
39,10426,46956,665,7,1,Master,0,1,1
59,11533,30099,822,4,1,Bachelor,0,0,0
23,8249,32598,647,27,1,High School,0,7,0
32,24675,29961,737,4,1,High School,0,9,1
60,22201,12602,514,25,1,High School,1,8,1
54,28808,9256,728,4,1,High School,0,0,1
50,23258,20584,797,21,0,Bachelor,1,6,1
25,29977,46980,839,14,0,High School,0,1,0
61,12686,34681,666,12,0,High School,0,5,0
61,17109,25792,612,27,1,High School,1,10,1
22,23595,21904,837,32,1,Bachelor,1,4,1
56,3661,43361,353,22,0,High School,1,0,0
21,15075,34540,840,32,0,High School,0,1,0
23,17788,26536,766,17,1,High School,0,1,1
62,13060,19164,463,29,0,PhD,0,9,1
49,18836,12996,633,25,1,High School,1,9,1
47,13526,2871,846,15,1,Bachelor,0,5,1
64,6374,46002,647,12,1,Bachelor,1,10,1
52,28592,49812,572,38,0,Bachelor,1,0,0
57,3207,22626,713,32,0,Master,0,10,1
33,5665,10521,799,25,1,High School,1,3,1
30,21877,43410,392,0,1,High School,1,9,0
59,26197,1132,378,37,1,High School,1,10,1
47,3632,33467,516,1,0,Bachelor,0,4,0
36,29678,14534,657,5,1,High School,0,1,0
34,6083,23854,806,37,1,High School,0,1,0
36,16711,42998,858,23,1,Bachelor,0,6,1
45,13123,39065,480,17,1,Bachelor,1,6,1
43,23103,45607,875,26,0,High School,1,5,1
54,10123,7812,545,40,0,Bachelor,0,0,0
43,13754,4557,543,7,1,Bachelor,1,2,1
40,4679,2179,805,27,1,High School,1,8,1
26,18901,43798,721,9,0,High School,0,9,1
29,3236,9065,619,16,0,Bachelor,0,0,0
18,10446,8275,386,28,1,Bachelor,1,1,1
18,7443,47857,516,5,0,High School,1,7,0
64,26154,35948,789,13,0,High School,1,6,1
51,18463,20700,818,21,1,Bachelor,0,8,1
49,29116,39464,577,5,1,Master,0,9,1
65,25483,42351,468,25,1,Bachelor,0,3,1
42,11555,27794,629,38,0,High School,1,3,0
57,21752,28783,740,11,1,High School,1,6,1
62,19669,16998,690,34,1,Master,0,0,1
18,3148,13869,795,13,1,High School,1,9,1
33,16395,44525,680,21,1,PhD,1,8,1
56,23421,28152,605,22,0,Master,1,1,1
22,25933,20954,812,6,0,High School,1,0,1
39,26505,31555,487,39,0,Master,0,6,1
46,29342,16654,815,24,0,High School,1,5,1
20,7895,45026,726,12,1,Master,0,2,1
29,24664,35236,801,20,1,High School,0,0,1
43,20396,46976,559,40,1,High School,1,4,1
33,14023,15042,812,9,1,Bachelor,1,9,1
54,13699,25966,370,8,0,Bachelor,1,3,0
39,12715,48407,777,14,1,High School,1,4,1
46,22169,44314,477,1,0,Bachelor,1,0,0
31,23109,45095,756,24,0,High School,1,0,1
45,19163,14270,488,12,0,High School,0,4,0
22,23960,30908,590,33,1,High School,1,5,1
64,8782,15523,819,33,1,High School,0,4,1
47,25641,47068,591,34,0,High School,0,1,0
63,29177,19991,582,37,0,High School,0,8,0
22,21792,10775,843,2,1,High School,1,4,1
29,19724,12265,676,5,0,High School,1,10,1
33,5817,19459,455,18,1,High School,1,10,0
43,18096,16673,807,2,1,PhD,1,4,1
43,21880,27056,712,17,1,High School,0,9,1
65,25346,6614,827,38,1,Master,1,8,1
38,8299,36020,654,8,1,Bachelor,1,2,1
56,12917,7415,858,11,1,Bachelor,1,4,1
53,26958,23155,486,4,1,Bachelor,1,4,1
50,21073,49430,330,2,1,Master,1,1,0
47,6267,43884,559,10,0,High School,1,10,0
54,7406,16964,720,29,1,Bachelor,1,3,1
40,27837,37726,828,3,1,Bachelor,0,10,1
27,20826,37044,850,4,1,Bachelor,1,10,1
22,27981,37544,603,0,1,Master,0,1,0
53,13382,49976,338,26,1,High School,0,4,0
51,7437,32252,788,27,0,Bachelor,1,9,1
48,8435,3832,841,28,1,Bachelor,0,1,1
27,27819,25275,577,17,1,High School,1,9,1
36,7107,14901,502,11,1,High School,0,8,0
49,3560,38213,365,12,1,Bachelor,0,9,0
18,15329,34148,407,40,0,Master,0,5,1
22,28169,42633,567,1,1,High School,0,7,0
62,24932,22918,521,36,0,Master,1,8,1
21,4826,46694,829,15,0,High School,0,7,0
33,14421,19540,389,23,1,High School,0,4,0
41,15265,11580,554,34,0,High School,0,4,0
33,10629,38402,754,21,1,High School,0,5,1
19,11325,38578,552,35,0,High School,1,0,0
45,22522,24917,556,10,0,High School,0,10,0
49,10693,22318,682,28,1,Bachelor,1,7,1
44,11264,10179,741,34,1,Bachelor,1,1,1
37,15686,12251,898,14,1,High School,1,5,1
41,16716,45899,389,30,1,High School,1,8,1
29,27226,19493,689,40,1,High School,0,2,1
52,9721,20466,881,15,0,Bachelor,0,1,0
50,26386,30206,343,9,0,High School,1,9,0
50,23609,45475,897,31,0,High School,1,4,1
60,22362,19624,318,1,1,Master,1,10,1
54,10373,26564,400,23,1,Master,1,8,1
29,8907,22412,656,22,1,High School,0,5,0
20,25481,27990,841,1,1,High School,0,7,0
18,19127,35517,332,37,1,High School,1,7,1
50,8656,13156,528,30,0,Bachelor,1,6,1
57,29561,23064,823,39,0,Bachelor,0,4,1
27,11984,25711,454,25,1,High School,1,1,0
60,23643,30106,722,28,1,Bachelor,0,9,1
61,11286,16589,545,2,1,High School,0,9,0
46,8901,23736,704,13,0,High School,1,4,1
30,28709,20975,840,24,1,High School,1,6,1
29,7917,36218,460,0,0,High School,1,6,0
48,11429,7214,416,2,0,High School,0,10,0
63,17716,30581,570,25,1,High School,0,1,0
19,18795,20195,786,17,0,High School,1,6,1
52,14138,44582,471,8,1,High School,0,5,0
40,5530,27127,573,37,0,Bachelor,1,6,0
34,21344,5141,558,22,1,High School,1,10,1
43,26429,28884,434,20,1,High School,1,7,1
25,20432,24885,721,0,0,Bachelor,0,3,0
46,8772,2708,720,20,1,Bachelor,1,0,1
43,18476,18375,485,26,0,Master,0,7,1
27,21913,15088,663,5,1,High School,0,7,1
43,18751,44602,677,35,0,High School,0,2,0
51,5964,45046,822,27,0,Bachelor,0,2,0
58,10137,10014,879,16,0,Bachelor,1,4,1
24,20347,3273,495,39,0,High School,0,2,1
21,19920,47135,397,2,1,Master,0,4,0
62,16891,37306,321,11,0,High School,1,7,0
28,10340,30881,749,38,0,PhD,0,0,1
46,26563,31486,471,11,1,Master,1,1,1
53,10967,12541,682,1,0,Bachelor,0,1,0
42,15415,8712,433,21,1,Master,0,3,1
38,14871,9168,725,22,1,Bachelor,1,8,1
53,14916,3551,324,29,1,High School,0,1,0
27,11734,12297,802,4,1,High School,1,10,1
54,3845,43733,484,8,1,High School,0,8,0
26,25161,27128,384,20,0,High School,0,6,0
41,22420,2832,866,10,1,Bachelor,0,9,1
52,25331,28483,443,4,1,High School,0,7,0
52,5494,22063,711,34,1,High School,0,0,0
65,15677,22963,523,26,1,Bachelor,1,4,1
53,22103,13422,519,1,1,Master,0,8,1
35,21268,32920,478,23,1,High School,0,3,0
56,15330,11156,732,30,1,High School,0,1,1
49,23733,11108,564,32,1,High School,1,5,1
41,8179,31845,728,38,1,Bachelor,1,1,1
40,9610,2800,715,29,0,High School,1,2,1
49,9430,38078,752,36,1,Bachelor,1,7,1
54,10154,42712,496,27,1,High School,0,2,0
29,16828,2610,853,30,0,High School,0,1,1
30,13145,12067,352,10,0,Master,1,5,1
40,9488,33872,779,22,1,High School,1,2,1
42,24121,10728,742,1,0,High School,0,0,0
52,25909,29566,629,39,0,High School,0,2,0
58,6850,29783,550,40,1,High School,1,5,0
47,20073,20583,422,26,0,Bachelor,1,2,1
34,16564,20238,686,34,1,High School,0,8,1
37,29526,7263,638,1,0,High School,1,6,1
65,24559,1914,647,38,0,High School,0,4,1
42,28032,23749,328,36,1,Bachelor,0,1,0
39,8078,19456,334,20,1,Bachelor,0,8,1
30,29706,25582,817,4,0,Bachelor,0,4,1
36,15168,406,695,20,0,Bachelor,0,6,1
53,8448,13689,593,28,1,High School,1,8,1
29,20563,32934,888,19,0,High School,0,3,1
58,12074,33276,648,37,0,High School,1,8,0
36,9406,36432,446,19,0,High School,0,0,0
29,27975,19873,366,24,1,High School,0,5,1
26,26291,13050,819,1,1,Bachelor,1,1,1
24,11800,680,421,31,1,Bachelor,1,7,1
45,17083,18908,639,25,1,Master,1,4,1
31,4638,18504,474,5,1,High School,1,2,0
48,25055,21644,896,40,1,Bachelor,0,1,1
36,26312,37125,750,2,1,Master,0,7,1
64,13340,1363,856,32,0,Bachelor,1,6,1
33,4382,42291,435,0,1,High School,1,8,0
22,4403,35060,315,4,1,High School,1,7,0
52,12011,1538,632,12,1,High School,1,10,1
29,6292,36176,494,18,0,High School,1,3,0
42,12011,41520,795,11,0,Bachelor,0,1,0
38,3419,25675,308,24,1,High School,1,1,0
53,15411,18287,633,34,1,High School,1,1,1
40,7517,174,632,11,1,Bachelor,1,10,1
33,22686,26732,626,29,0,Bachelor,0,5,1
56,27241,34998,314,4,1,High School,0,6,0
62,18422,37055,525,33,1,Bachelor,0,5,1
59,12700,12112,724,21,1,High School,0,1,1
56,27254,39874,707,38,1,High School,1,3,1
31,8693,9689,412,12,1,High School,0,2,1
48,3767,44814,727,2,1,Bachelor,0,10,0
22,21428,19555,300,19,1,Master,0,3,1
52,17818,33919,565,30,1,High School,1,4,1
40,29715,7619,790,4,0,Bachelor,1,6,1
46,4549,6033,507,23,0,High School,0,8,0
60,12956,41328,668,39,1,Bachelor,0,10,1
28,9140,4946,605,32,1,High School,0,1,1
35,13837,24618,311,7,1,High School,1,7,0
64,6716,34675,644,23,1,Master,0,2,1
29,7481,36258,764,19,0,Bachelor,1,8,1
26,27282,18919,793,15,1,High School,0,9,1
27,9548,4173,667,11,1,High School,0,3,1
61,21677,43833,719,12,0,High School,1,2,1
34,7837,26400,470,38,0,High School,0,9,0
55,10758,4769,433,24,1,Master,1,5,1
24,13900,37564,726,31,0,PhD,0,9,1
63,26177,45814,324,23,1,High School,1,8,1
30,27022,14211,829,8,0,High School,1,6,1
57,10993,23255,489,39,1,Master,1,3,1
59,25391,27962,440,22,1,High School,0,2,0
26,8542,19356,854,12,1,Bachelor,0,9,1
44,28476,20306,614,31,1,High School,0,3,1
19,25740,4997,743,14,1,Bachelor,1,2,1
22,29585,17376,618,35,0,Bachelor,1,2,1
46,27817,40880,740,4,0,Master,0,8,1
54,17828,38055,391,21,1,Bachelor,0,3,1
55,26764,10578,478,15,1,High School,0,8,1
36,19052,18624,355,40,1,Bachelor,0,9,1
25,5385,39194,454,9,0,Master,0,4,0
65,17308,44367,410,23,0,High School,0,6,0
62,23652,389,436,17,0,High School,1,4,1
18,3671,33767,531,17,1,High School,1,0,0
39,3163,45580,767,6,1,High School,1,1,0
34,11656,48367,780,3,1,High School,0,10,0
24,14234,1855,367,25,1,Bachelor,1,4,1
42,23976,40893,548,4,0,High School,1,5,0
62,7795,13794,622,15,0,Master,0,6,1
21,13634,35531,817,34,0,High School,1,1,0
53,7798,4986,731,25,1,High School,0,9,1
23,25420,32298,786,17,0,High School,0,8,1
48,21739,1481,728,28,1,High School,0,5,1
36,25271,3731,568,22,0,High School,0,1,0
61,27345,16835,836,13,1,High School,1,1,1
56,13749,27798,447,14,1,High School,0,2,0
44,8827,26113,417,32,1,Bachelor,0,0,0
27,28121,19477,666,24,1,Bachelor,0,8,1
43,7719,17266,365,20,1,High School,1,9,0
36,3593,20792,669,16,0,Bachelor,0,10,0
56,24223,20452,474,22,1,Bachelor,1,3,1
20,10394,43526,887,16,1,High School,1,4,1
62,17056,49079,794,13,0,PhD,0,6,1
30,29035,41334,413,28,0,Master,0,0,0
45,22877,11889,410,19,1,High School,1,2,1
37,25548,24335,738,29,1,High School,0,2,1
45,13636,11254,446,18,1,High School,0,1,0
25,22056,21074,334,38,1,High School,1,7,1
58,23584,11442,608,12,0,Bachelor,0,4,1
56,3016,46289,837,17,0,High School,0,0,0
18,6191,37327,313,22,1,Bachelor,0,1,0
20,3392,16199,673,32,0,Bachelor,0,0,0
30,28000,7291,856,38,1,Bachelor,1,5,1
45,9272,40928,727,39,1,Bachelor,1,8,1
42,19955,112,532,17,0,High School,1,10,1
50,6631,21515,862,8,1,High School,1,6,1
55,9172,19581,739,32,0,Bachelor,0,4,1
23,12312,48692,801,31,1,High School,0,2,1
61,26561,26500,574,16,0,High School,0,7,0
62,27817,32026,375,18,1,Master,0,9,1
49,23281,16523,738,26,0,Bachelor,1,3,1
62,27507,1424,588,5,1,High School,1,8,1
64,21663,19552,839,34,1,Bachelor,0,4,1
38,28364,10808,552,36,0,Bachelor,0,5,1
33,26835,38811,425,33,1,High School,0,4,0
38,11906,6989,476,19,0,High School,0,9,0
28,20159,23620,336,24,1,Master,0,10,1
54,26253,39029,709,3,0,High School,1,6,1
53,21631,887,426,9,1,High School,1,6,1
52,26472,31802,782,9,0,High School,1,0,1
36,19462,19488,467,23,1,Bachelor,0,1,1
37,11080,30013,891,20,0,High School,0,6,0
35,10099,49201,593,10,1,High School,1,7,0
64,23310,16402,642,26,0,High School,1,3,1
58,28431,21205,609,15,1,PhD,1,5,1
31,26724,26049,827,25,1,High School,1,10,1
32,17916,12253,839,29,0,Bachelor,1,9,1
48,10083,18990,718,15,1,Master,1,2,1
18,25614,7846,743,6,0,High School,0,6,1
20,29724,25027,857,15,0,PhD,1,10,1
33,12223,39200,535,34,1,Master,0,2,1
40,7940,46220,738,15,1,Master,0,10,1
28,22655,46163,513,39,1,High School,1,6,1
29,6456,3765,384,11,0,Bachelor,0,10,0
27,10788,15950,384,34,0,Bachelor,0,10,0
49,27983,45270,788,20,0,PhD,0,7,1
33,27034,9741,364,35,1,High School,0,2,1
25,5711,22742,363,16,1,Bachelor,0,1,0
55,14280,24703,642,31,1,High School,0,5,0
29,21052,38709,651,40,0,High School,0,3,0
41,19531,37623,457,5,0,High School,0,7,0
45,25804,22931,888,23,0,Bachelor,1,1,1
25,15089,23580,790,26,0,High School,0,3,1
45,13142,15166,762,19,0,Bachelor,0,1,1
53,19749,29240,524,24,1,PhD,1,1,1
43,18587,25991,612,1,1,High School,1,1,0
25,12866,38556,765,8,1,Bachelor,1,0,1
45,7531,32969,387,27,1,High School,0,3,0
45,15686,10561,602,37,0,High School,1,1,1
54,8330,16901,734,2,1,Bachelor,1,8,1
58,8510,40505,434,19,0,Master,1,8,1
53,28138,30020,349,5,1,Bachelor,1,10,1
44,11964,25917,731,38,1,Bachelor,1,10,1
34,9493,1988,639,32,0,High School,1,6,1
26,29613,48209,646,0,1,High School,1,5,0
50,13759,44505,646,36,0,Bachelor,0,2,0
37,8439,14256,544,5,1,High School,1,6,0
30,17473,22192,408,33,1,High School,1,0,0
45,12765,28230,832,14,0,Bachelor,0,8,1
65,16279,39930,389,25,1,High School,1,3,1
46,9511,45833,595,13,1,High School,0,5,1
30,14483,22625,411,6,1,Bachelor,0,5,0
63,26888,32088,888,30,0,Bachelor,1,10,1
52,20630,14114,476,23,1,Master,0,2,1
23,23223,41167,642,30,0,Bachelor,0,3,1
35,27935,38401,400,28,0,High School,0,10,0
22,5376,5755,700,31,0,Master,0,9,1
64,22393,10825,327,16,0,Bachelor,0,2,1
42,28538,22693,836,13,0,High School,0,5,1
19,14824,4117,357,39,1,High School,0,0,0
27,21211,24729,797,35,0,Bachelor,1,7,1
47,9979,32182,596,23,0,Bachelor,1,7,0
62,29189,28890,433,26,0,Bachelor,0,8,0
22,12832,29340,630,24,1,Bachelor,1,5,1
50,29792,1518,548,31,1,Bachelor,0,0,1
18,15504,30949,849,17,0,PhD,0,2,1
35,27953,22547,374,17,0,Bachelor,0,0,0
49,23669,16346,467,36,0,High School,1,4,1
64,9910,2600,802,25,0,Master,1,2,1
28,27945,46005,654,8,0,High School,0,1,0
38,17089,29267,524,34,1,Bachelor,0,2,1
43,5196,36322,830,7,0,PhD,0,8,1
42,23131,26990,445,19,1,Bachelor,1,10,1
39,28227,16193,540,21,0,Bachelor,1,7,1
44,8978,30109,643,18,1,High School,0,2,0
30,24991,19233,334,29,1,High School,1,10,1
50,20153,48021,300,27,1,High School,0,1,0
51,29997,16194,452,34,0,Bachelor,1,4,1
58,3780,34510,728,10,0,Bachelor,1,0,0
52,12908,1306,807,30,1,Bachelor,0,3,1
18,9303,3849,425,38,1,High School,1,7,1
38,17686,12360,790,35,1,High School,1,0,1
65,6983,45536,781,29,1,Bachelor,0,4,1
23,12503,29231,644,22,1,High School,0,3,0
45,28098,45800,520,18,0,Bachelor,1,5,1
34,19905,36963,324,11,1,Bachelor,0,6,1
22,16070,18689,827,14,0,Bachelor,0,8,1
48,29896,29084,481,30,0,High School,0,0,0
22,28511,40387,798,36,1,Master,1,10,1
55,26953,9280,341,36,0,High School,1,9,1
20,29806,2642,780,14,1,PhD,1,3,1
40,15232,42137,738,28,0,High School,1,5,1
54,25168,14296,701,25,1,High School,0,9,1
54,7583,15438,845,1,1,Master,1,6,1
27,8946,48442,644,19,1,High School,1,6,1
27,24325,37525,344,14,0,Bachelor,0,7,0
36,25651,2994,320,3,1,Master,0,9,1
34,19377,47994,369,21,1,Master,0,7,1
38,10128,34039,347,37,1,PhD,1,7,1
31,14889,1813,790,22,0,High School,1,7,1
26,15275,27491,850,25,1,Bachelor,1,7,1
63,5461,18845,586,10,1,High School,1,5,0
18,17291,41243,309,27,1,High School,0,8,0
62,17036,37164,841,1,1,Master,1,2,1
30,14435,42051,573,7,1,High School,1,5,0
21,3685,13318,899,28,0,Bachelor,0,4,1
18,21544,17200,680,10,0,Bachelor,1,7,1
57,26415,82,628,36,0,Bachelor,0,3,1
49,15258,1920,778,17,1,PhD,1,3,1
51,29143,40585,314,13,1,High School,1,9,1
45,24725,11683,815,9,0,Bachelor,1,10,1
48,18990,11336,490,34,1,Master,1,9,1
25,19422,15596,467,8,1,High School,0,4,1
56,13736,2093,820,34,1,High School,1,10,1
43,7875,12905,436,10,0,Bachelor,0,5,0
51,20640,24351,453,11,0,High School,1,10,0
20,14182,30981,687,2,0,High School,1,3,0
29,27081,8367,508,38,0,Master,1,1,1
18,5196,5285,571,13,0,Bachelor,0,1,0
61,10165,43664,442,27,0,Master,1,2,1
22,18997,37705,368,10,1,Master,1,1,1
47,17215,16753,546,38,0,Bachelor,1,0,1
47,3301,18485,560,24,1,High School,0,7,1
34,26911,12977,378,20,0,High School,0,4,0
65,25765,19874,824,9,0,High School,0,9,1
64,20030,7674,629,14,0,Master,1,0,1
40,17571,29038,488,18,0,High School,1,8,0
32,12951,29315,394,21,1,High School,1,7,0
54,28173,3676,307,20,0,Bachelor,0,3,1
38,28237,2426,366,31,1,High School,0,7,1
31,23714,24473,795,22,1,High School,1,9,1
19,28944,2962,490,12,1,Bachelor,1,6,1
28,13773,29943,665,4,1,High School,1,10,0
56,26387,859,820,3,1,High School,1,10,1
55,19140,44816,416,27,0,High School,0,6,0
51,22921,4138,566,13,1,Bachelor,1,0,1
55,16057,35192,784,7,0,Bachelor,1,5,1
51,15500,25640,808,8,0,High School,0,3,1
35,23942,10409,597,34,1,Bachelor,0,9,1
47,25963,4017,463,36,1,High School,0,9,1
32,27858,10451,675,20,1,Master,0,9,1
44,18921,28327,567,17,0,High School,1,10,0
51,14870,10278,848,32,1,Bachelor,0,1,1
55,29062,24944,373,7,0,Master,0,9,1
50,7082,43764,807,16,0,Master,0,6,1
41,16718,1134,372,30,0,High School,1,8,1
32,23567,30131,607,33,1,High School,0,4,1
47,28036,37887,498,5,0,Bachelor,1,7,1
59,13517,38462,429,21,1,High School,0,4,0
34,6754,22520,871,13,1,Master,0,6,1
22,4724,21869,786,2,1,Bachelor,0,6,0
46,4376,36932,450,11,1,Bachelor,0,8,0
21,11706,5039,505,35,1,High School,0,2,1
27,11894,21281,478,11,1,Bachelor,0,0,0
34,21037,47399,496,1,1,Bachelor,1,1,0
27,21450,10442,388,1,0,Master,1,5,1
34,19406,8252,733,14,1,High School,0,9,1
37,21844,27586,482,22,1,High School,0,9,0
41,8926,17568,508,28,0,High School,1,8,0
22,9251,20810,792,16,0,High School,1,2,1
51,12496,1551,429,31,1,Bachelor,0,9,1
23,26679,12625,312,6,0,Master,1,1,1
19,6300,34397,405,29,1,High School,1,10,0
30,25663,26249,674,27,0,Master,1,0,1
60,11553,1361,881,13,1,High School,0,1,1
60,26737,26149,398,29,0,High School,0,2,0
65,6727,4370,893,16,1,High School,0,6,1
28,25656,5283,886,31,1,High School,1,1,1
64,25379,7610,491,5,1,Master,1,4,1
40,28860,43326,624,23,1,High School,0,1,0
33,19898,14924,766,5,0,Bachelor,1,6,1
48,19832,47607,666,26,0,High School,1,9,1
28,9019,44717,617,17,0,Master,1,7,1
33,18463,10626,443,23,1,High School,1,7,1
25,24727,34761,683,36,0,High School,1,7,1
21,13047,869,515,23,0,High School,0,9,0
57,27417,31552,660,37,1,High School,1,8,1
21,14754,1014,623,33,1,High School,1,0,1
42,5520,10103,314,39,1,Master,0,0,0
20,6081,16986,516,14,0,Bachelor,0,9,0
49,4428,44781,791,10,0,Bachelor,1,1,0
20,6967,30471,846,21,1,Bachelor,0,10,1
44,9445,33458,482,23,0,High School,1,5,0
46,17566,25069,569,0,1,High School,0,0,0
49,17042,16873,766,17,1,PhD,0,4,1
36,28498,23248,818,11,1,Master,0,4,1
38,14329,23624,841,27,0,Master,0,3,1
22,5159,43516,766,39,1,Master,1,10,1
35,8132,29061,604,6,1,High School,1,4,1
45,21931,24170,443,22,1,High School,0,0,0
59,22363,8024,410,20,0,High School,0,10,1
39,17933,16678,531,33,0,High School,0,10,0
38,13473,38256,883,10,0,High School,0,5,0
23,22033,20411,891,21,1,High School,1,6,1
18,27889,43803,799,34,1,Bachelor,0,7,1
22,13805,19296,894,28,0,Master,0,1,1
58,6083,26293,853,27,1,Bachelor,0,6,1
29,29832,27172,572,17,0,Master,0,5,1
43,20421,21128,472,13,1,High School,0,8,0
63,16944,18257,306,17,1,High School,0,7,1
51,22873,12855,454,27,0,Bachelor,1,10,1
31,10604,19642,821,23,0,High School,1,3,1
43,26928,35585,845,7,0,High School,1,8,1
62,18379,20025,847,7,1,High School,0,0,1
44,22018,4458,817,3,1,High School,0,10,1
26,6983,5307,514,26,1,Bachelor,1,5,1
43,4778,41701,433,35,0,High School,1,7,0
64,27286,18425,584,4,1,Bachelor,1,10,1
39,8110,49831,425,32,0,Bachelor,0,10,0
64,24573,43427,738,33,1,High School,0,3,1
47,15087,28273,451,29,0,High School,1,1,0
60,26762,38506,630,7,1,High School,1,10,1
65,20508,5668,837,38,1,High School,1,1,1
34,20081,25934,682,25,1,Bachelor,1,9,1
43,5179,47195,414,36,1,Bachelor,1,0,0
53,12596,7697,781,33,0,Bachelor,1,4,1
18,8251,24417,583,6,0,High School,1,5,0
25,12235,16446,374,39,1,Bachelor,1,3,1
52,21313,40597,465,27,0,Bachelor,1,3,1
32,17871,10751,488,38,0,High School,0,4,0
64,4013,46218,377,38,1,Bachelor,0,4,1
39,19610,7352,320,27,1,High School,1,8,1
31,26705,13516,865,13,0,Bachelor,0,7,1
43,4828,23299,483,37,0,Bachelor,1,8,0
45,10909,31957,521,3,0,High School,0,2,0
40,8588,28927,627,17,1,Bachelor,0,2,1
31,16109,41094,478,24,1,High School,1,0,0
41,5023,36412,411,6,1,High School,0,9,0
19,24350,29493,358,37,1,PhD,0,5,1
62,17537,26711,626,27,0,PhD,0,3,1
43,29661,8003,490,4,1,High School,1,10,1
31,8891,31707,499,2,1,High School,0,7,0
24,4080,3278,611,30,0,High School,1,1,0
20,8036,7296,334,19,1,High School,0,10,1
64,18379,25398,678,18,1,Master,1,1,1
40,29896,35842,686,10,1,PhD,0,6,1
63,13822,13261,536,39,1,Bachelor,0,4,1
60,5563,11173,818,2,0,High School,0,0,0
64,6292,30449,582,22,0,Bachelor,0,6,0
62,6586,41080,300,6,1,High School,1,6,0
35,19087,1637,763,22,0,Master,0,9,1
55,19100,31781,529,6,1,Master,0,5,1
52,23815,13652,471,33,1,Bachelor,1,3,1
32,26225,5103,386,18,1,High School,0,7,1
42,9643,25500,852,8,1,High School,0,10,1
54,6959,49796,422,17,1,High School,1,1,0
45,14005,34800,597,40,1,Master,1,1,1
27,13775,35529,874,24,1,High School,0,1,0
56,3161,47963,783,13,0,High School,0,2,0
34,19029,18452,464,24,0,High School,1,5,1
56,19977,49393,682,18,0,Master,0,0,1
39,17226,31174,508,38,0,High School,1,10,0
43,14154,35436,731,14,0,Master,0,1,1
61,15080,47406,688,15,0,Master,1,9,1
42,6390,15954,859,26,1,Master,0,1,1
34,8997,17186,523,39,1,High School,1,0,0
30,25738,12356,302,9,0,High School,0,2,0
37,15693,32963,671,3,1,High School,1,9,1
42,20047,2187,745,18,1,High School,0,6,1
21,12324,11707,415,27,0,High School,0,0,0
27,3541,35098,569,20,1,Bachelor,1,6,0
20,24817,26935,746,13,1,High School,1,4,1
58,8093,21225,667,32,0,Master,1,8,1
62,16428,3606,552,9,1,High School,0,1,1
35,14166,32828,616,18,0,Bachelor,1,0,1
64,20251,26489,714,29,1,Bachelor,0,8,1
53,19063,14387,394,21,0,Bachelor,1,7,1
64,13258,3927,323,2,1,Master,1,9,1
39,28007,6296,349,36,1,Bachelor,0,5,1
51,19044,30444,801,40,1,Master,1,4,1
64,8469,46390,797,17,0,High School,1,7,1
25,9256,46893,634,10,1,Bachelor,0,7,1
57,28782,2591,378,1,1,High School,1,4,1
61,13720,44895,881,11,1,High School,0,6,1
36,4169,48516,326,5,1,High School,1,0,0
59,3830,26147,570,39,1,High School,0,3,0
58,4651,38889,861,28,1,High School,0,1,0
54,20520,1200,546,29,1,High School,0,9,1
23,22194,15721,890,1,1,High School,1,2,1
43,28051,19238,686,8,1,Master,1,0,1
51,12518,11087,858,1,1,High School,1,10,1
62,16258,30816,660,28,0,Bachelor,0,10,1
23,19184,23408,787,32,1,High School,0,1,1
54,4019,39740,651,9,1,Master,1,0,1
50,24621,136,555,33,0,Master,1,7,1
39,13028,17413,521,7,1,Bachelor,0,3,1
38,15448,48114,300,36,1,Bachelor,0,2,1
23,15485,18978,845,32,0,High School,1,0,1
23,4283,661,745,5,1,PhD,0,1,1
65,20043,35240,378,39,0,Master,1,2,1
21,21394,27253,535,18,0,Master,1,2,1
47,27974,26884,633,31,1,Bachelor,1,5,1
28,4733,32854,648,26,0,High School,1,9,0
47,21509,10704,397,0,0,Master,0,7,0
48,21555,38987,381,32,1,High School,1,5,1
41,27650,24527,801,39,0,Bachelor,1,1,1
26,19230,16322,776,31,1,High School,0,1,1
20,17472,47517,849,4,1,Master,1,6,1
48,15889,6968,313,16,0,High School,0,0,0
57,6471,27518,691,7,0,High School,1,0,0
54,12028,46364,646,33,1,Bachelor,0,6,1
53,25008,27886,609,8,1,Bachelor,1,8,1
41,28075,1700,685,22,0,Bachelor,0,4,1
48,11329,28246,508,34,1,High School,0,10,0
23,5097,35468,656,6,0,High School,1,0,0
19,17082,23199,900,14,1,Bachelor,1,4,1
37,24452,44589,867,19,0,PhD,0,10,1
45,16930,32115,393,24,0,Master,0,0,0
28,13077,5520,392,2,0,High School,0,9,0
21,9397,44278,639,23,1,Master,1,8,1
32,5757,36455,896,33,1,High School,1,3,1
23,23304,49748,744,21,1,Bachelor,1,8,1
47,27570,20929,321,10,0,High School,1,1,0
55,21284,41605,590,7,0,High School,1,6,0
19,21994,14955,784,38,0,Bachelor,0,1,1
32,26284,44049,605,34,1,Bachelor,0,3,1
28,20833,13917,427,37,1,High School,1,5,1
25,28122,4757,572,7,1,High School,1,1,1
43,8017,13045,741,36,0,High School,1,1,1
62,19370,41680,802,26,1,Bachelor,1,1,1
61,10999,4733,429,27,0,High School,1,2,1
22,25436,30954,431,39,1,High School,1,4,1
23,13195,31135,896,33,0,Bachelor,0,8,1
43,5096,7081,781,31,1,Bachelor,0,5,1
21,18433,41458,689,14,0,Bachelor,1,8,1
36,28279,23501,892,16,1,Bachelor,1,9,1
37,25788,21113,624,32,1,Master,0,4,1
50,13595,34441,368,15,1,Master,0,10,1
37,18941,47086,747,28,1,Master,0,5,1
29,29201,24690,827,8,1,Bachelor,0,9,1
64,22715,43939,464,32,1,High School,1,7,1
18,18078,29345,787,28,1,PhD,0,2,1
43,26846,46313,725,12,0,High School,1,1,1
31,8105,44571,564,20,1,High School,0,2,0
55,22362,26829,641,20,1,High School,1,8,1
54,5839,35062,577,4,0,High School,0,5,0
28,6384,3630,738,9,1,PhD,1,9,1
53,13851,47861,456,5,0,Bachelor,1,3,0
30,13053,31870,721,12,0,Bachelor,1,9,1
60,16493,49298,550,0,0,Bachelor,0,2,0
20,20069,47221,829,19,0,High School,0,1,0
50,17139,44942,626,7,1,High School,0,3,1
23,10531,3453,396,9,1,Bachelor,0,8,1
27,7283,37275,812,8,1,Bachelor,1,3,1
22,10736,43370,515,40,1,High School,1,4,0
40,10710,38396,431,2,0,Bachelor,1,7,0
27,4619,8328,559,10,1,High School,1,1,0
61,16975,15534,424,11,1,High School,0,10,1
19,15835,19744,381,9,1,High School,0,2,1
30,26252,19389,582,24,1,High School,0,5,1
57,18261,36320,358,24,1,Master,1,6,1
19,4431,49170,843,10,1,Master,1,3,1
37,12067,35010,460,35,1,High School,0,0,0
18,7713,14665,583,38,0,Bachelor,0,6,0
54,12557,37865,405,25,0,Bachelor,1,8,0
26,12435,8640,404,13,1,High School,1,0,1
34,7998,34716,738,38,1,High School,1,0,0
26,3162,25521,527,39,1,PhD,0,0,1
28,4974,30049,881,0,1,Bachelor,0,9,0
32,22675,5618,617,3,0,PhD,1,6,1
41,11461,37004,763,29,0,High School,1,10,1
55,20015,1920,898,11,1,Bachelor,0,8,1
52,20289,43937,771,34,1,High School,1,2,1
47,5014,4188,355,12,0,High School,1,7,0
48,12833,12207,312,30,1,Bachelor,0,8,1
22,10896,238,739,37,1,High School,0,2,1
61,3204,32972,317,22,1,High School,0,2,0
31,19965,10799,412,3,1,High School,0,0,0
28,25059,5552,528,15,0,High School,1,1,1
26,12032,28916,470,6,1,Bachelor,0,6,0
51,8347,4927,594,21,1,High School,1,2,1
29,29295,27964,488,28,1,High School,1,6,1
52,5643,11164,725,10,0,High School,0,4,0
52,11017,37158,378,32,1,High School,0,9,0
18,21681,19071,481,28,0,Bachelor,1,7,1
57,20258,48409,798,38,0,High School,1,4,1
39,8560,6160,370,11,1,Bachelor,1,2,1
46,18892,15810,547,6,0,High School,0,8,0
25,17531,5126,445,38,1,High School,0,6,1
28,20073,30009,595,25,0,Master,1,4,1
58,7000,33584,881,39,1,Bachelor,1,6,1
54,28998,46182,769,8,0,High School,0,10,1
31,17289,25396,805,40,0,Master,1,9,1
47,20055,192,492,33,0,High School,0,8,1
52,10927,36413,367,12,1,Master,1,4,1
38,18562,12816,793,35,1,Bachelor,1,6,1
54,4171,39082,351,24,0,Bachelor,0,10,0
22,24975,32130,662,23,1,PhD,1,8,1
36,14918,40142,773,16,1,High School,0,0,0
31,12135,36468,820,1,1,Bachelor,0,3,0
43,9342,30698,730,12,0,High School,0,0,0
21,20833,10655,597,30,1,High School,0,7,1
42,14929,47897,734,28,0,High School,0,2,0
62,5539,30075,497,27,0,High School,1,1,0
59,6959,9359,427,26,1,Bachelor,1,3,1
42,16183,36661,831,14,1,Bachelor,0,10,1
35,25669,39579,710,30,0,Bachelor,1,2,1
57,8432,42056,364,39,0,High School,1,10,0
25,23644,33272,540,14,1,High School,1,4,1
56,21745,42581,668,32,1,Master,1,7,1
57,25548,14671,835,19,0,High School,0,9,1
31,23054,27048,683,11,1,Bachelor,0,7,1
49,4753,10738,730,36,0,Bachelor,1,10,1
55,27484,25963,382,8,0,Bachelor,0,6,0
50,29928,43954,873,22,1,Bachelor,0,7,1
40,21322,6773,585,7,0,Master,0,4,1
32,27946,36584,833,31,0,High School,0,9,1
50,25360,29894,758,13,1,Master,0,9,1
42,13123,717,511,26,1,High School,0,10,1
34,19376,11676,425,24,0,High School,0,10,0
50,9588,4434,712,12,1,High School,1,5,1
64,28000,49810,798,20,1,Bachelor,1,7,1
19,9304,37825,724,30,0,High School,0,0,0
31,10345,29100,853,36,1,High School,0,5,1
57,27259,4994,842,4,0,High School,0,5,1
57,28470,4234,457,12,1,Master,0,10,1
56,26017,3764,411,27,1,Master,0,4,1
23,18352,43949,701,24,1,Bachelor,0,3,1
23,3597,37405,421,34,0,Bachelor,1,0,0
20,22446,34872,572,38,1,High School,1,10,1
24,5336,42215,593,6,1,High School,0,9,0
25,12879,23185,697,37,0,Master,0,10,1
59,3572,43442,770,31,0,High School,1,7,0
32,10521,41153,506,2,0,High School,1,5,0
64,9171,11999,409,38,1,High School,1,2,1
46,26481,36487,739,36,1,High School,1,2,1
50,21474,2581,577,21,0,High School,0,5,1
47,16992,2763,867,7,1,Bachelor,0,6,1
56,25950,27374,868,16,1,High School,1,7,1
44,14861,38759,781,26,1,Bachelor,0,4,1
53,15464,10531,413,32,0,High School,1,9,1
46,24008,25307,776,16,1,High School,1,5,1
55,4633,30835,620,11,0,High School,1,0,0
50,20901,11064,478,26,0,Bachelor,0,5,1
54,15485,11312,518,7,1,High School,1,8,1
44,13849,37548,827,22,0,Bachelor,0,9,1
50,6648,36945,791,28,0,Bachelor,0,3,0
21,18177,47937,360,19,0,Bachelor,0,9,0
39,16140,6476,353,15,0,High School,1,0,1
19,20921,24565,837,16,0,High School,1,10,1
27,17357,2382,364,15,1,High School,0,8,1
22,16368,49683,885,18,0,Bachelor,0,3,1
27,6137,22463,470,7,0,High School,1,1,1
50,26369,45276,572,37,0,Master,1,0,1
55,3097,33402,834,37,1,Master,1,2,1
30,14407,26345,690,28,1,High School,1,6,1
48,15722,44764,626,40,0,High School,0,10,0
64,15924,26946,407,35,1,Bachelor,1,9,1
53,6750,14162,461,25,0,High School,0,1,0
62,11535,49154,751,30,0,High School,1,8,1
41,27558,46773,505,11,0,Master,1,10,1
32,27487,8397,889,16,0,High School,0,1,1
46,24797,22335,315,14,0,Master,0,4,1
25,7666,45095,626,8,1,Bachelor,1,7,1
22,19009,14394,301,38,0,Bachelor,0,9,1
46,19994,27197,309,11,1,High School,0,7,0
64,4727,22010,733,31,0,High School,1,2,0
21,29866,24123,424,24,0,Bachelor,0,1,0
29,4854,22387,380,38,1,High School,1,8,0
62,13800,2890,784,17,1,High School,0,2,1
19,8055,27769,449,14,0,High School,1,7,0
44,13271,43626,639,31,1,High School,0,1,0
48,21708,8026,428,5,0,High School,0,2,0
53,15819,3306,737,34,0,Bachelor,1,0,1
53,12369,33665,800,33,0,High School,1,10,1
43,12283,9277,357,37,0,High School,0,5,0
60,16171,42239,497,4,0,Bachelor,0,6,0
44,8774,47664,510,17,0,PhD,1,3,1
22,9519,48008,344,15,1,High School,1,0,0
37,13983,14683,396,7,0,High School,1,2,0
28,21133,670,578,24,1,Bachelor,1,8,1
27,17939,23675,834,31,0,Master,1,4,1
57,3781,17889,709,25,1,Bachelor,0,5,1
55,19282,44535,760,21,1,Bachelor,0,3,1
23,26932,13006,690,30,0,High School,1,0,1
25,9823,48536,343,9,0,Bachelor,0,4,0
40,21489,26531,326,11,1,High School,0,4,0
64,23251,21639,396,27,1,Bachelor,0,4,1
43,10193,16633,847,5,0,Bachelor,0,5,1
63,24360,34660,866,19,0,PhD,0,10,1
60,5113,3439,518,4,1,High School,0,1,0
29,19280,32172,484,22,0,High School,1,0,0
43,25263,35622,368,8,1,Bachelor,0,1,0
30,16565,11577,429,28,0,Bachelor,0,9,1
57,23354,11763,866,15,0,Bachelor,0,5,1
35,13183,20176,898,21,1,High School,1,4,1
42,28643,44386,633,7,1,High School,0,4,1
50,26648,24255,453,19,0,Bachelor,1,5,1
64,20961,41003,846,13,1,High School,1,9,1
57,12203,19996,378,38,1,Master,0,6,1
60,21658,35386,878,36,1,High School,0,8,1
29,24253,21062,712,33,0,Bachelor,0,6,1
61,18795,35931,845,10,1,Bachelor,1,1,1
53,29390,35710,468,39,1,Bachelor,1,5,1
65,26128,34693,882,32,1,High School,1,8,1
21,21810,35740,814,30,1,Master,0,6,1
22,16489,11705,613,33,0,High School,1,1,1
54,8546,43408,331,6,1,Bachelor,0,2,0
25,9852,28047,586,22,1,High School,0,7,0
59,5551,10966,893,6,0,High School,1,10,1
45,9411,17374,342,24,1,High School,1,8,1
48,19391,11138,300,2,0,High School,0,3,1
26,27471,15935,872,37,1,PhD,0,8,1
46,21939,45913,569,19,0,High School,0,1,0
31,3475,489,479,33,1,Bachelor,0,10,1
57,24800,44516,817,29,1,PhD,0,4,1
58,13403,22260,402,16,1,High School,1,10,0
39,28060,26069,309,9,1,Bachelor,1,1,1
28,10239,19275,882,34,1,High School,1,10,1
40,9710,36284,389,19,0,High School,1,0,0
18,24384,39178,525,17,1,High School,1,4,1
63,24038,32821,425,26,1,Master,1,1,1
54,11078,16999,508,35,1,High School,1,6,1
38,25447,38712,396,22,0,Bachelor,0,7,0
43,5285,40172,373,31,1,Bachelor,1,1,0
63,8223,33722,490,9,1,Master,1,6,1
53,16521,10625,355,10,1,High School,1,3,1
40,17889,1629,852,37,0,Bachelor,1,0,1
18,9971,10973,331,5,0,Bachelor,0,10,0
57,22909,6859,826,40,1,Bachelor,1,2,1
32,14531,41609,873,33,0,Master,0,10,1
38,17721,43307,583,35,1,Master,1,0,1
64,22206,45450,793,36,0,High School,0,4,1
26,7943,36046,486,16,1,High School,0,7,0
26,9530,21839,797,39,0,High School,0,0,0
27,14116,27216,741,39,1,High School,1,8,1
43,3258,18945,429,11,1,High School,0,2,0
58,3282,6539,591,20,0,High School,1,4,0
52,16937,49522,413,39,0,High School,0,8,0
42,4898,33625,498,18,0,PhD,1,4,1
43,7135,4886,312,2,1,High School,1,8,0
28,9629,45713,570,17,1,Master,0,9,1
55,14168,7485,900,18,1,High School,0,7,1
19,29843,31455,514,5,1,Bachelor,1,6,1
24,22584,46448,743,15,1,Master,1,10,1
35,24494,16767,811,7,0,High School,1,0,1
44,26551,47165,746,17,0,High School,0,3,1
51,3612,28453,373,38,0,High School,0,8,0
44,17203,10744,836,11,1,High School,1,9,1
34,20071,37102,400,9,1,Master,0,7,1
60,23074,12226,475,6,0,Master,0,3,1
61,28188,27869,726,0,1,High School,0,0,0
41,5307,22588,416,35,1,High School,1,9,0
42,10133,13440,465,20,1,High School,1,3,1
24,14205,31709,340,36,0,High School,0,2,0
23,25893,47788,728,23,0,Bachelor,0,5,1
41,29357,22495,643,24,1,High School,0,10,1
50,8906,37019,723,6,1,Bachelor,0,4,1
46,5591,44948,665,16,1,High School,0,4,0
60,18149,48908,419,28,0,High School,1,1,0
39,15150,922,528,29,0,Bachelor,0,2,1
43,10183,27526,429,6,1,High School,0,10,0
45,24632,7957,651,32,1,PhD,1,5,1
38,28150,48564,617,6,1,Master,0,1,1
24,13102,33998,636,23,1,High School,1,3,1
34,24492,43395,572,10,0,High School,0,1,0
37,22988,24031,416,8,1,Master,0,8,1
58,20053,10006,667,11,1,Master,1,2,1
37,23748,37701,393,34,0,Master,1,9,1
39,26713,47063,467,3,1,High School,0,9,0
45,4283,25939,640,35,0,PhD,1,5,1
57,3923,49145,451,27,0,High School,1,0,0
24,4125,20324,885,12,0,Bachelor,0,10,0
18,4529,22867,573,22,0,Master,1,9,0
49,29170,203,853,18,0,High School,1,2,1
30,11438,16544,795,36,1,Master,0,7,1
47,23095,15899,400,38,1,High School,1,4,1
40,19154,29063,856,23,1,PhD,1,7,1
36,11004,25344,381,15,0,High School,1,1,0
49,12752,3748,828,32,0,PhD,0,6,1
47,25658,39486,372,11,1,High School,0,8,0
46,13592,1093,313,33,0,Bachelor,1,6,1
62,29819,15228,732,6,0,Bachelor,0,2,1
46,6864,20884,456,10,1,High School,0,6,0
47,29515,25183,431,30,1,High School,0,7,0
33,27217,16034,637,28,1,Bachelor,0,0,1
57,26172,5710,703,12,1,High School,1,2,1
36,3226,42500,675,30,0,Bachelor,0,4,0
35,18036,19259,858,1,1,High School,1,5,1
18,14739,35959,406,38,0,PhD,0,2,0
31,19648,33457,564,14,1,High School,1,3,1
64,12587,20143,504,10,0,High School,0,4,0
19,14749,2103,378,33,1,High School,1,2,1
45,3645,365,454,38,0,High School,1,3,0
47,19299,46778,546,3,1,High School,0,4,0
55,26928,44535,830,10,1,High School,1,1,1
21,24953,16103,837,28,1,Master,0,9,1
18,22374,32510,453,1,1,Bachelor,1,8,0
25,16675,24476,453,15,1,Bachelor,1,9,1
46,29475,12742,391,38,1,High School,1,7,1
56,21888,12391,732,12,1,Bachelor,1,5,1
20,13964,36940,637,36,1,High School,0,9,0
49,19087,28901,779,16,1,Bachelor,0,10,1
27,16537,32001,430,20,1,High School,0,2,0
27,16269,15623,749,18,1,High School,1,10,1
36,12346,2378,572,6,1,High School,1,1,1
63,3587,21372,887,37,1,Master,0,6,1
51,15763,44799,476,7,1,High School,1,7,1
50,29397,38437,348,12,1,Bachelor,0,9,1
40,12177,35503,866,36,0,High School,0,0,0
45,7079,30746,654,1,1,Bachelor,1,5,0
49,6348,27923,607,40,1,Master,0,6,1
24,25683,9867,345,10,1,High School,1,8,1
46,23215,41258,601,23,1,High School,0,2,1
25,28817,33724,707,5,0,Master,1,1,1
18,27765,9306,488,25,1,Bachelor,0,4,1
20,28556,39391,428,6,1,High School,0,9,0
41,29274,14908,860,38,1,Bachelor,1,0,1
40,21099,27081,836,18,0,Bachelor,1,5,1
25,13785,37228,565,5,1,High School,0,8,0
64,15328,23386,417,28,1,Master,0,9,1
54,9450,46754,763,38,0,High School,1,8,1
20,16230,45406,443,1,0,High School,0,6,0
50,8433,28302,741,18,0,Bachelor,1,10,1
45,4098,19212,499,3,1,High School,1,6,0
64,10096,35618,456,5,0,High School,0,7,0
25,21710,46067,786,36,0,Bachelor,0,9,1
51,14439,10698,433,27,1,Master,1,1,1
52,12087,4594,447,29,0,Master,0,5,1
49,19021,25525,635,6,0,PhD,1,4,1
41,9416,14282,370,8,1,Master,0,4,1
31,9980,49053,532,24,1,High School,1,2,0
49,26147,14334,633,32,1,High School,0,2,1
63,21058,29179,389,0,1,Master,1,5,1
60,14101,6644,633,5,1,High School,0,9,1
33,10950,35618,498,17,1,Bachelor,0,9,0
21,12122,47701,460,9,0,Bachelor,1,6,0
54,15576,32933,837,27,0,High School,0,0,0
38,28299,43469,420,10,1,Master,0,2,1
31,25433,33687,600,32,0,Bachelor,0,0,0
48,4089,41073,874,0,1,High School,0,9,0
65,7578,17375,735,12,1,PhD,1,2,1
35,12127,48483,367,36,0,High School,1,4,0
24,13487,30926,758,19,0,High School,0,8,0
27,3155,36607,813,0,0,Bachelor,1,2,0
24,28646,17642,697,2,1,Master,1,9,1
50,4958,23993,585,17,1,Bachelor,1,9,0
40,13693,44386,860,40,1,Bachelor,0,8,1
38,9344,46287,439,13,0,Bachelor,1,0,0
36,8779,21188,855,30,1,High School,1,5,1
65,25528,32596,889,26,1,Master,0,8,1
36,24447,27772,581,16,0,Master,0,4,1
53,6830,30857,877,28,1,High School,0,10,0
46,12046,10776,756,35,1,High School,1,9,1
35,28215,32835,386,36,0,PhD,0,1,0
19,29814,9788,378,25,1,Master,1,4,1
18,12794,5660,504,16,0,Master,0,0,1
64,26043,4478,636,21,1,Master,1,8,1
22,3441,8210,553,24,0,Bachelor,1,9,1
37,25424,10922,603,1,1,Bachelor,1,9,1
28,25309,36289,679,21,1,Bachelor,1,8,1
59,17478,33340,429,4,1,High School,1,5,0
19,26742,39850,895,3,1,Bachelor,0,10,1
20,7628,38163,575,35,1,Bachelor,1,8,0
40,9370,48175,857,5,1,Bachelor,0,2,1
29,12528,18642,482,20,1,Bachelor,1,3,1
37,20332,11094,567,12,1,High School,0,5,1
22,14565,22423,621,36,1,High School,1,3,1
54,11179,33418,811,24,1,High School,1,0,1
55,19013,5741,377,25,1,High School,0,6,1
47,25499,46049,638,38,1,High School,0,4,1
26,19843,6838,855,19,1,PhD,1,7,1
51,26952,3262,808,32,0,High School,0,8,1
61,24030,4996,537,13,0,High School,0,4,1
52,3392,44594,433,35,0,Bachelor,0,7,0
39,15130,22164,491,16,1,Bachelor,1,0,1
61,21171,35595,655,20,0,High School,1,0,0
41,26758,30257,577,15,1,Bachelor,1,6,1
34,13449,14211,317,15,1,Bachelor,1,5,1
27,20522,30453,823,19,0,High School,0,4,1
47,24125,5232,479,28,1,High School,1,4,1
63,10418,2217,422,27,0,Master,0,8,1
40,25746,24229,545,7,0,Master,0,0,0
49,5454,14232,672,23,1,Bachelor,0,7,1
34,29042,25613,350,2,1,High School,1,1,0
34,23058,14026,370,24,1,High School,1,6,1
31,20761,28554,779,18,0,Bachelor,0,5,1
26,18223,30908,859,32,1,High School,1,9,1
57,9701,19610,318,1,0,High School,0,1,0
19,5597,46646,383,14,0,Bachelor,0,2,0
62,3141,39605,454,21,0,High School,0,3,1
42,5659,7031,864,9,0,Bachelor,1,6,1
56,23980,47574,656,17,0,Master,1,7,1
26,12031,25515,742,21,0,High School,0,10,0
39,18037,36484,368,26,1,Master,1,1,1
60,16970,36182,822,12,0,High School,0,7,1
63,8661,570,442,32,0,Master,1,10,1
21,9142,32254,491,4,0,High School,1,8,0
43,15109,19288,686,25,1,High School,0,6,1
46,25010,13288,677,12,0,Bachelor,1,0,1
62,11787,29877,880,26,1,High School,1,5,1
51,13096,18889,834,13,1,Master,0,7,1
40,11472,917,592,23,0,High School,1,4,1
54,19807,10066,308,2,1,High School,0,1,0
28,26383,29504,570,29,0,Bachelor,0,4,0
23,7249,6982,686,34,1,High School,0,7,1
35,17949,39104,392,13,1,High School,0,1,0
38,4750,18062,828,11,0,Bachelor,1,0,1
59,24141,16999,453,27,0,Bachelor,1,3,1
53,21351,9941,704,28,1,Master,1,3,1
58,7088,23470,448,16,1,PhD,0,8,0
55,23562,45148,566,39,0,High School,0,2,0
51,27173,21133,721,20,1,Bachelor,0,3,1
34,18282,44435,771,22,1,High School,1,2,1
54,22330,4529,846,19,1,Bachelor,1,1,1
42,12641,17519,825,10,0,High School,1,3,1
55,24778,12192,802,33,1,PhD,0,7,1
29,27264,8566,313,9,1,Bachelor,1,0,1
40,29907,7226,663,9,0,PhD,1,7,1
59,8075,37930,418,5,1,Master,0,7,0
39,13412,49358,537,35,1,Master,1,2,1
38,18686,21259,845,23,1,Master,0,9,1
44,10230,34087,468,11,0,High School,0,9,0
48,18432,1141,821,22,1,High School,0,5,1
23,14002,4627,815,26,0,High School,0,3,1
44,16947,47269,696,36,1,High School,0,0,0
57,16686,2690,405,5,0,Bachelor,0,0,0
51,20915,40091,384,0,1,Bachelor,0,4,1
29,16074,3255,513,5,1,Bachelor,1,7,1
62,22374,5213,420,21,0,PhD,1,0,1
24,26539,36876,431,40,1,Master,1,1,1
27,7493,19404,496,23,1,High School,0,6,0
62,28719,25380,318,24,0,High School,0,7,0
34,20317,25520,311,14,1,High School,0,2,0
43,4460,19173,380,25,1,High School,0,10,0
38,17140,23989,629,7,0,Bachelor,1,7,1
45,22107,42570,691,23,0,Bachelor,1,0,1
63,13704,24519,606,37,0,Bachelor,1,8,1
19,19669,22439,566,5,0,Master,1,1,0
60,19648,11413,746,34,1,Master,0,1,1
18,29943,14995,740,0,0,High School,0,3,0
53,9816,23559,301,35,1,Bachelor,1,9,1
43,14639,45351,819,11,1,High School,0,2,1
46,17424,23513,608,37,0,High School,0,3,0
38,16965,5021,821,10,1,High School,0,5,1
28,21146,32464,768,11,1,High School,0,6,1
57,14240,21119,511,38,1,High School,0,4,1
28,29957,29299,411,6,0,High School,1,1,0
53,29845,39350,307,10,0,Bachelor,1,2,1
56,3040,46223,776,35,1,Bachelor,0,9,1
57,8827,25517,759,30,1,High School,0,10,1
52,11259,13117,552,32,1,High School,1,2,1
51,20371,22250,825,12,1,Master,0,4,1
64,17849,18950,737,17,0,High School,0,10,1
41,19232,17359,535,40,1,Master,0,4,1
39,10804,23596,605,23,0,Bachelor,0,3,0
22,27173,25530,777,8,0,High School,1,7,1
50,25101,1262,319,30,1,High School,1,5,1
53,22582,40150,515,40,0,High School,0,5,1
64,8374,22615,434,9,1,High School,0,0,0
37,24174,3327,428,1,1,High School,0,5,0
36,26567,29768,709,37,0,Bachelor,0,2,1
52,5524,28850,721,14,1,High School,1,5,1
60,12277,42788,593,2,1,Bachelor,1,9,0
34,21863,16848,545,30,1,Bachelor,1,10,1
62,12885,46830,855,5,0,High School,1,5,0
60,29891,39542,385,2,0,High School,1,1,0
51,24538,15160,855,10,1,High School,1,0,1
26,3778,33998,674,14,0,High School,0,10,0
43,29161,27230,745,27,0,Bachelor,0,2,1
19,4492,9076,677,9,1,High School,1,4,1
26,20044,3805,689,37,0,Bachelor,0,3,1
26,20732,31085,350,6,1,High School,1,6,1
57,16615,14715,541,14,0,High School,1,3,1
34,28875,5750,593,17,1,Bachelor,1,7,1
18,15132,48395,862,17,1,Bachelor,0,6,1
42,13178,13232,565,40,0,High School,1,9,0
60,10851,35903,419,23,0,High School,0,8,0
57,19288,6953,547,1,1,Bachelor,1,0,1
59,10156,32093,369,39,1,High School,0,4,0
42,5044,25500,356,19,1,High School,1,3,0
56,10368,22418,681,33,0,Bachelor,1,5,1
52,22900,34314,338,25,0,High School,0,0,0
20,16635,48225,742,6,1,Bachelor,0,5,1
54,28634,22449,317,37,1,Bachelor,1,0,1
61,12168,17478,651,29,1,Bachelor,0,0,1
61,23961,35179,597,4,1,Bachelor,1,7,1
47,20111,46881,582,10,1,Bachelor,0,1,0
55,14328,25338,885,0,1,Bachelor,1,9,1
51,16319,26899,409,33,0,Master,1,5,1
29,26852,4145,479,0,1,High School,0,5,0
36,3342,32101,843,18,1,High School,0,5,1
54,4447,2775,324,1,0,Bachelor,1,7,0
61,29955,45961,356,20,1,Bachelor,0,3,1
34,9581,31647,479,19,1,High School,0,2,0
27,14851,45619,531,22,1,Master,1,5,1
64,9317,45838,642,20,1,High School,0,3,0
29,19910,19539,776,23,1,Bachelor,0,1,1
33,13088,36738,875,3,0,Bachelor,1,5,1
41,15946,26616,754,11,1,PhD,0,9,1
36,29649,14119,531,21,1,High School,0,4,1
25,26132,25159,588,19,1,Bachelor,0,10,1
48,19789,37099,512,17,0,High School,1,8,0
38,17567,10295,557,0,0,High School,1,10,0
34,17868,34710,829,29,1,High School,1,5,1
40,27370,24685,528,32,1,Bachelor,0,2,1
54,12765,49343,525,23,1,High School,0,10,0
33,23124,25479,895,13,1,High School,0,4,1
23,15466,46172,734,35,1,Bachelor,0,9,1
25,21230,33629,701,4,1,Bachelor,1,7,1
42,20862,42043,387,10,1,Bachelor,0,8,1
35,13587,17033,883,23,0,Master,0,7,1
42,3771,36902,841,30,1,High School,0,2,0
29,24909,44571,608,12,1,PhD,1,8,1
32,19300,15408,642,15,0,Master,1,2,1
43,11770,17420,735,23,0,High School,1,7,1
58,14093,16351,476,12,0,High School,1,9,0
62,16803,4131,438,23,1,High School,0,8,1
43,3193,44825,493,25,0,High School,0,6,0
64,5007,11349,485,1,1,Bachelor,0,3,1
49,20569,44254,517,15,1,Bachelor,1,9,1
27,21778,38225,463,37,1,Bachelor,1,8,1
33,14190,38847,460,0,1,Bachelor,1,2,0
24,12984,12453,824,10,0,High School,1,2,1
34,12302,18814,900,34,1,Master,1,1,1
40,23389,18263,341,28,1,High School,1,9,1
43,10429,12158,509,36,1,PhD,1,2,1
38,5261,15735,574,16,0,High School,1,0,0
39,23120,15830,578,38,1,PhD,0,3,1
24,29512,47893,550,27,1,High School,1,7,1
31,9716,44673,609,28,1,High School,1,4,1
32,24259,23926,439,2,1,High School,0,1,0
24,11921,45066,845,9,1,Bachelor,1,2,1
26,7378,34779,829,13,1,Master,1,0,1
65,10815,3373,356,11,1,High School,0,1,0
25,16778,10335,411,29,1,Master,1,0,1
40,22835,23741,304,31,0,Bachelor,0,1,0
46,27000,10692,709,31,0,Bachelor,1,2,1
35,15728,47295,713,31,0,Master,1,0,1
48,13332,45541,481,25,0,High School,0,10,0
47,12836,34057,312,0,0,High School,0,8,0
56,5800,1447,638,1,1,Master,1,9,1
52,11333,19583,558,16,0,Master,0,4,1
35,8410,22765,389,29,1,PhD,0,7,1
59,20839,23906,549,38,0,Master,1,4,1
56,26276,19567,554,6,0,High School,0,7,0
34,8808,14139,887,26,0,Master,0,6,1
31,9796,46525,407,8,0,High School,1,3,0
48,24180,38230,893,21,1,PhD,1,6,1
41,24477,19520,888,33,1,High School,1,5,1
52,13288,19702,784,0,0,Bachelor,1,2,1
61,20709,25566,557,8,1,Bachelor,0,8,1
62,24360,7657,581,19,1,High School,0,9,1
51,28789,37688,387,18,1,High School,0,8,0
20,20543,30134,503,35,1,Master,1,4,1
54,7650,10345,315,39,1,Master,1,7,1
60,7987,41185,450,3,1,High School,1,6,0
57,18200,49928,553,8,1,Bachelor,1,8,1
43,7697,27413,487,40,0,Bachelor,1,6,0
40,19724,5208,628,21,1,High School,0,3,1
61,6828,33455,843,17,1,High School,0,3,0
56,21352,49681,696,11,1,Master,0,10,1
32,20087,28018,816,38,1,Bachelor,0,7,1
21,15605,45991,758,8,1,Bachelor,1,5,1
46,8482,8080,629,5,0,Bachelor,0,8,1
39,25760,21902,468,18,1,High School,1,9,1
42,21184,9486,665,6,1,High School,1,6,1
30,8463,38862,477,15,1,High School,0,6,0
35,16860,21158,661,4,1,High School,0,3,1
50,7912,40460,339,15,1,Bachelor,0,2,0
33,7648,43856,715,0,0,Master,0,7,0
62,3855,35871,654,36,1,High School,1,6,0
59,29388,35208,554,38,1,High School,0,3,0
61,5866,20519,442,18,1,Bachelor,1,3,0
19,14834,31379,876,36,0,Master,1,0,1
52,19294,28378,310,16,1,Bachelor,1,10,1
59,19566,39892,325,25,1,Master,1,6,1
51,6112,49996,720,21,1,Bachelor,0,0,0
47,25054,14031,520,7,1,Bachelor,0,9,1
30,7492,14536,795,32,1,High School,0,9,1
30,25207,446,536,1,0,High School,0,3,0
35,18114,36683,536,29,0,High School,1,10,0
49,4517,48555,518,19,1,Bachelor,1,2,0
49,19018,17618,786,17,1,Master,0,10,1
52,24386,6587,760,9,0,Master,0,2,1
56,20740,31480,443,23,0,High School,0,0,0
63,29750,32994,488,3,0,High School,1,3,0
46,23013,20527,554,36,1,High School,1,0,0
46,23012,23569,367,3,0,High School,1,7,0
61,14431,11151,635,12,1,Bachelor,1,0,1
33,11210,5558,708,24,1,Master,0,5,1
61,14595,44739,599,12,0,PhD,0,6,0
64,15871,32954,656,17,1,Bachelor,0,9,1
27,15743,47448,555,23,0,Master,0,1,0
47,25516,47327,652,1,1,Bachelor,1,3,1
42,12324,43837,820,32,0,High School,1,10,1
56,14531,35303,823,18,1,Bachelor,1,2,1
37,9588,34700,583,8,1,Bachelor,0,8,0
22,6311,27500,611,27,0,Bachelor,0,6,0
18,25432,2032,398,34,0,High School,0,1,0
47,25630,1252,496,38,1,High School,1,10,1
20,3987,5509,781,9,0,High School,1,5,1
62,6321,37842,525,0,1,PhD,0,8,0
31,18812,13900,664,20,1,High School,1,2,1
47,7615,14523,667,8,1,Bachelor,1,10,1
21,18512,1881,869,14,1,Bachelor,0,5,1
35,16146,33037,889,34,1,High School,1,2,1
54,27749,1630,374,4,1,Bachelor,0,2,1
42,16654,20789,341,40,1,Master,1,3,1
65,23125,22523,721,21,0,High School,1,8,1
18,6052,17958,480,40,0,Master,1,10,1
63,25958,46151,844,22,1,High School,0,7,1
32,3726,48920,370,6,1,High School,0,0,0
26,6760,43852,867,22,1,Master,0,10,1
32,25190,1695,404,24,0,Master,0,0,1
41,4875,14821,499,26,1,PhD,1,6,1
21,26377,3262,400,40,0,Bachelor,1,2,1
29,16969,1445,606,5,0,Master,0,10,1
54,7033,16436,885,33,1,Master,0,6,1
54,8443,9949,676,8,0,Master,0,8,1
60,20373,23963,698,32,1,Bachelor,0,2,1
23,6744,29932,520,5,0,High School,0,2,0
56,27995,6901,894,36,1,Master,0,1,1
63,19977,33487,481,30,1,High School,1,9,1
41,4774,8597,606,33,0,Bachelor,0,0,0
28,13651,6855,821,40,0,High School,1,8,1
30,3935,18678,695,28,1,Bachelor,1,5,1
51,16395,8263,303,13,1,High School,0,5,1
42,6808,47288,580,35,1,High School,1,7,0
24,19715,25805,514,35,0,Master,1,10,1
21,14641,26143,719,14,1,High School,1,4,1
25,27306,11874,400,7,1,Bachelor,0,8,1
37,22086,27529,820,25,1,High School,0,10,1
46,17376,20866,872,35,1,High School,1,4,1
62,8889,14079,608,20,0,High School,1,1,0
63,8054,49850,809,27,0,Bachelor,0,5,1
27,6868,7243,362,3,1,High School,0,8,0
60,23584,29872,525,15,1,Master,0,2,1
51,19585,9018,404,21,0,High School,0,9,1
43,21881,49500,724,11,1,High School,1,3,1
58,4842,12100,554,15,0,High School,0,9,0
20,13058,49459,728,39,0,High School,0,10,0
23,29572,19800,733,37,0,Bachelor,1,7,1
22,12101,26910,506,36,0,Master,0,5,0
22,15497,29437,327,28,1,Bachelor,1,6,1
64,7658,37588,635,17,1,High School,1,6,0
40,14381,11001,887,9,0,High School,0,3,1
26,10544,46675,368,38,0,High School,1,5,0
52,10718,19942,812,17,1,PhD,1,8,1
37,16851,20862,466,0,0,High School,0,2,0
59,20154,11669,667,38,1,Bachelor,0,7,1
52,22539,15916,550,20,0,High School,1,6,1
35,14777,10878,469,0,1,High School,1,3,0
34,4628,2985,389,14,0,High School,1,9,0
41,3386,32369,860,3,0,High School,0,2,0
20,9031,8112,745,19,0,Bachelor,1,6,1
49,9439,41235,593,9,0,High School,0,9,0
52,25785,18931,449,22,1,Bachelor,1,8,1
55,16392,27340,431,40,1,High School,1,9,1
30,23392,336,732,33,0,PhD,1,2,1
64,21850,42933,358,32,0,High School,1,9,0
42,5282,19363,498,33,1,Master,1,8,1
26,4856,45536,514,38,1,Master,1,7,1
21,18670,3968,860,9,1,PhD,0,2,1
31,27364,33678,771,19,1,High School,1,7,1
54,4998,48400,546,0,1,Bachelor,1,3,0
51,8476,16279,681,12,1,High School,0,5,1
28,12428,3129,538,0,1,High School,0,9,0
58,7669,38215,666,4,1,High School,0,1,0
20,15336,38897,467,15,0,High School,1,7,0
45,12342,5850,859,14,0,PhD,1,8,1
46,23702,20588,350,27,0,High School,0,6,0
26,10064,40214,679,30,1,Bachelor,1,7,1
20,10446,11949,773,22,1,Bachelor,0,6,1
42,20815,8519,379,16,1,Bachelor,1,10,1
51,8624,26375,666,33,0,Bachelor,0,9,0
29,10461,33082,760,12,1,High School,0,3,1
59,4819,11737,838,13,1,Bachelor,0,0,1
26,13516,1134,751,10,0,High School,0,2,1
32,16749,10938,763,27,1,Master,1,6,1
57,20514,24486,777,31,1,Bachelor,1,10,1
42,25947,48356,719,34,1,PhD,0,10,1
22,5658,26096,513,30,1,High School,0,6,0
28,6500,41115,668,16,1,High School,0,10,0
51,27950,5592,413,8,1,High School,1,2,1
41,5120,18108,802,9,1,High School,1,0,1
32,7020,17270,887,7,1,High School,0,9,1
55,13213,27649,610,20,0,Bachelor,1,8,1
25,6259,10997,768,12,1,High School,0,5,1
22,13081,33489,343,4,0,Bachelor,1,6,0
65,4823,9104,714,5,0,Master,1,0,1
43,20858,870,545,29,1,Bachelor,1,0,1
35,21626,28684,383,30,1,High School,1,3,1
23,16467,39519,506,16,1,High School,1,6,1
54,22627,49649,450,10,0,High School,1,10,1
65,9990,34524,827,19,0,High School,1,10,1
30,24544,30957,464,8,0,Bachelor,0,7,0
45,6134,33885,444,1,0,High School,0,9,0
22,21454,44369,336,36,1,Master,0,8,1
30,19743,35596,632,0,0,Bachelor,1,0,0
34,18434,29866,702,3,1,Bachelor,0,3,1
57,18007,30676,713,35,0,High School,0,3,1
62,13233,47764,344,24,1,High School,0,2,0
49,19378,13878,701,2,0,Bachelor,0,6,1
46,4141,39760,505,8,0,High School,1,0,0
20,21019,27559,361,21,0,High School,1,8,0
57,23384,46546,719,22,1,High School,1,7,1
51,13135,6771,767,11,1,High School,1,1,1
57,15966,16526,318,9,1,Bachelor,1,1,1
44,6361,29896,664,33,1,High School,0,7,0
30,25967,31923,599,9,0,Bachelor,0,10,0
62,10835,36203,306,29,1,High School,1,0,1
50,14172,39390,727,21,1,Bachelor,0,6,1
23,19390,12852,416,5,0,Master,0,8,1
41,6267,47574,879,1,0,Master,1,2,0
36,9564,43391,806,29,0,High School,0,6,0
33,29167,1848,845,1,0,High School,0,5,1
57,24312,31027,624,31,1,High School,0,6,1
45,21990,35464,354,15,0,Bachelor,0,6,0
50,14411,34485,341,11,0,Bachelor,0,9,0
65,8906,19456,596,0,0,Bachelor,0,0,0
58,19028,9259,530,7,1,High School,1,2,1
30,22657,35554,752,12,1,Bachelor,1,9,1
60,10611,46922,693,14,0,High School,0,0,0
62,20297,13409,821,7,0,Bachelor,1,4,1
42,5011,3791,657,9,0,High School,0,2,0
59,20826,25864,743,4,1,Bachelor,0,0,1
53,24930,36639,427,18,0,High School,0,1,0
44,14246,34574,704,37,1,High School,1,9,1
55,16790,17888,691,10,1,Bachelor,0,4,1
24,14738,19692,492,19,1,High School,1,10,1
22,17730,23501,377,19,0,Bachelor,1,2,1
60,14120,13304,384,20,1,Bachelor,1,5,1
62,21213,27527,329,17,1,Bachelor,1,8,1
48,11767,18074,348,9,0,High School,1,5,0
40,25852,15549,444,33,0,High School,0,1,0
59,16703,29963,368,25,0,Bachelor,0,1,0
27,3929,25920,357,29,0,High School,1,7,0
49,14951,30826,873,8,0,Bachelor,1,10,1
60,23083,36071,778,30,1,High School,0,7,1
47,29039,16061,744,3,1,High School,0,5,1
56,18845,28810,595,5,1,High School,0,9,0
48,20438,47966,470,13,0,High School,0,6,0
35,18747,22800,874,3,1,High School,0,0,0
53,8744,43423,446,25,0,Bachelor,1,8,0
19,21284,41692,783,38,1,Bachelor,1,4,1
31,12649,9940,605,16,0,High School,0,8,1
30,9980,3924,745,18,0,PhD,1,1,1
46,10069,28054,520,5,1,Bachelor,1,7,0
29,12591,9783,854,28,0,Master,0,6,1
56,22799,37253,677,10,1,Bachelor,0,10,1
19,3442,45397,565,15,1,Bachelor,1,3,0
49,25602,13233,394,29,1,High School,1,2,1
30,7652,45669,561,24,1,High School,0,3,0
63,27323,24484,370,39,1,High School,1,3,1
44,27217,25068,518,10,0,Bachelor,0,9,0
58,12370,191,832,6,1,High School,0,9,1
34,10597,25074,391,25,1,Bachelor,0,7,0
57,17325,4917,426,21,0,High School,0,3,1
48,7458,38599,379,24,0,Master,1,4,0
51,9591,25832,537,18,1,High School,1,1,0
41,19346,42928,671,30,1,High School,0,3,1
62,28833,20706,785,25,1,High School,1,6,1
52,14826,13682,324,40,0,High School,1,2,0
65,29417,26762,455,35,1,High School,0,0,0
23,21693,23383,816,22,0,Bachelor,1,7,1
36,17138,27796,829,12,1,High School,0,7,1
47,25652,23666,356,24,1,High School,1,5,1
24,20294,25662,318,1,0,Master,0,6,0
27,23724,45159,683,1,1,High School,1,9,0
58,23393,34642,492,15,1,Master,0,10,1
49,26012,41830,536,8,1,PhD,1,1,1
51,5169,37531,686,27,1,High School,1,4,0
45,21556,10234,725,12,1,High School,0,6,1
32,25052,9221,576,34,1,High School,0,8,1
47,9313,11410,526,40,0,Bachelor,0,0,0
54,11315,14519,851,12,0,Bachelor,1,2,1
46,11036,1051,622,30,0,Bachelor,0,5,1
39,26173,44993,452,20,1,Bachelor,1,6,1
21,3785,9765,536,31,1,High School,0,5,0
37,9139,11382,354,33,0,Master,0,0,0
49,9344,12580,735,7,1,Bachelor,0,3,1
53,21800,32323,408,40,1,Bachelor,0,5,1
21,28372,44757,483,1,1,Master,1,7,1
44,23538,11939,667,37,0,Bachelor,1,9,1
34,17973,29964,497,31,1,High School,0,3,0
29,8619,307,670,39,0,High School,1,6,1
39,4936,3359,672,27,0,High School,0,10,0
34,29732,29648,796,36,1,High School,1,2,1
27,6807,35944,898,40,0,PhD,0,7,1
18,10151,34019,500,0,0,High School,1,0,0
39,12493,38134,808,40,1,Bachelor,1,3,1
43,15355,27323,621,9,0,Bachelor,0,7,1
35,6236,6226,574,3,1,High School,1,9,0
31,18848,21689,510,34,0,Master,0,3,1
64,5352,30971,803,9,0,Master,0,1,0
46,4932,25954,417,10,0,Bachelor,0,1,0
29,13913,24423,853,13,0,High School,0,3,0
53,11556,30391,341,37,1,High School,0,3,1
52,24300,14330,614,11,1,High School,0,1,1
29,8498,4891,628,16,1,High School,0,6,1
24,13582,4992,316,15,1,Bachelor,0,5,1
46,20330,1961,582,34,0,PhD,1,10,1
28,16865,12497,557,1,1,Bachelor,1,2,1
50,12569,32551,874,10,1,Master,0,7,1
23,20823,10848,873,40,1,Bachelor,0,7,1
64,27114,13255,318,2,0,High School,0,0,0
32,7857,4567,828,28,1,Master,1,2,1
49,3340,48847,722,17,1,High School,1,4,1
28,14181,39281,765,19,0,Master,0,1,1
40,19766,48003,672,13,1,High School,0,4,1
43,29132,20389,380,33,0,High School,0,10,0
51,11491,44523,850,30,1,Master,0,9,1
63,3138,43919,847,39,1,Bachelor,1,2,1
51,3358,16567,723,17,1,Master,1,8,1
46,24315,3358,728,29,1,Master,0,10,1
21,12714,22999,687,24,0,High School,1,0,0
34,22840,42358,503,18,1,Bachelor,0,3,1
52,4627,10988,495,7,1,High School,0,9,0
30,28879,40446,584,27,0,Bachelor,1,5,1
58,18996,31521,495,7,1,Bachelor,1,8,1
56,26010,5698,606,30,1,High School,0,2,1
32,8004,1273,313,2,0,Bachelor,0,2,0
46,28710,27543,445,2,0,Bachelor,1,4,0
46,29762,31349,356,21,0,High School,1,6,0
28,16283,11241,509,16,1,Master,0,4,1
49,9652,9497,828,35,1,Bachelor,0,10,1
19,25800,41875,643,16,1,Master,0,7,1
64,22554,32703,578,13,1,High School,1,4,1
31,23219,44041,508,8,1,High School,1,6,1
37,27401,31954,634,29,1,Bachelor,0,5,1
39,5151,8002,587,20,0,High School,1,9,0
28,12429,4247,551,11,1,PhD,1,1,1
44,17072,41988,564,36,1,High School,0,2,0
20,14927,21698,570,31,1,Bachelor,0,10,0
34,9905,19738,718,10,1,Bachelor,1,10,1
61,22218,10703,510,19,0,High School,1,3,1
45,15452,48240,664,34,1,High School,1,4,1
46,28574,49422,375,10,0,Bachelor,1,8,1
38,19212,17570,620,7,1,Bachelor,0,5,1
64,21951,12392,732,3,0,High School,0,0,0
33,4307,44724,408,26,1,Master,1,2,1
54,17852,32299,821,39,0,High School,0,6,1
37,28232,15641,346,37,0,High School,1,7,1
23,5660,13998,678,29,0,Bachelor,1,6,1
36,13403,6305,395,26,0,High School,1,4,1
22,29485,32726,402,20,0,Master,0,9,1
20,23114,18782,445,19,1,High School,1,7,1
18,13238,12721,326,3,1,High School,1,8,0
55,9207,39763,829,10,0,High School,1,6,1
32,22546,12427,381,12,0,Bachelor,0,10,1
51,4140,46550,727,8,1,Bachelor,0,8,1
52,27842,20566,883,3,1,Bachelor,0,0,1
42,29421,2230,778,11,1,High School,0,8,1
41,4708,6511,461,8,1,High School,0,2,0
29,6630,49280,701,12,0,Master,1,5,1
35,22595,42229,807,25,0,High School,1,7,1
32,13485,26177,337,37,0,Master,1,2,1
61,15021,4765,810,12,1,High School,1,3,1
33,25922,20354,692,38,1,Master,0,6,1
44,29086,23929,793,27,1,High School,1,6,1
25,19859,28820,499,18,0,Bachelor,0,3,0
63,10684,46040,554,23,0,High School,0,8,0
42,28552,29523,478,18,0,High School,0,2,0
34,4207,5552,846,12,1,High School,1,7,1
46,16331,627,893,12,0,High School,1,7,1
25,4960,11989,688,27,1,High School,0,3,0
32,3557,13780,697,1,0,Bachelor,1,6,0
44,18883,6589,457,9,1,Bachelor,0,3,1
63,16893,34812,303,21,1,Bachelor,0,0,0
24,3882,28128,466,12,1,Bachelor,1,0,0
20,29770,45939,767,8,1,Bachelor,1,0,1
46,7761,38652,708,32,1,High School,1,1,0
61,8867,27790,711,13,1,High School,1,5,1
41,26347,40953,503,19,1,High School,1,9,1
20,15869,249,493,14,1,Master,1,10,1
37,10166,19309,534,31,1,High School,1,4,1
63,15982,25901,449,32,1,High School,1,10,1
32,10929,23576,458,16,1,Bachelor,1,1,0
42,8347,31508,578,23,1,High School,1,7,0
47,10269,9175,703,29,0,Master,0,8,1
31,29186,25464,610,12,0,Master,1,6,1
24,27509,16260,367,15,1,High School,0,8,1
34,16527,35440,762,1,1,High School,0,3,0
61,5454,29546,387,16,1,High School,1,6,0
37,23878,40047,516,31,1,Bachelor,0,4,1
53,21330,41430,300,7,1,High School,1,4,1
26,15991,1987,434,2,1,Bachelor,1,2,1
55,5808,49242,650,11,0,Bachelor,0,8,0
65,9642,25105,439,19,1,High School,0,9,0
39,6825,12948,432,15,1,High School,1,4,0
19,6536,13026,477,13,0,Bachelor,0,5,0
41,25452,2773,657,15,1,High School,0,2,1
25,18309,45927,679,32,1,Master,0,9,1
28,6802,9878,749,29,0,High School,1,6,1
30,24083,42946,885,11,0,Bachelor,1,8,1
34,21354,10377,762,14,1,Master,1,8,1
25,25190,7347,407,17,0,Master,0,9,1
38,9142,33776,421,27,0,High School,1,9,0
35,22203,3783,316,22,0,High School,1,4,1
47,12094,4298,495,13,1,Bachelor,0,6,1
35,3364,4668,626,29,1,High School,1,2,1
63,23642,20671,617,32,1,High School,1,5,1
64,22503,34820,778,14,0,Master,1,7,1
48,18688,34484,551,6,1,High School,0,7,0
55,4863,33078,802,14,0,High School,0,1,0
49,19499,47159,418,37,0,High School,0,5,0
28,10084,20922,797,10,1,Bachelor,0,6,1
62,11016,34028,785,28,0,Bachelor,1,6,1
42,5384,45925,344,30,1,High School,0,2,0
50,18072,20316,613,24,1,High School,1,8,1
55,6935,11460,478,23,0,High School,0,1,0
58,16127,16968,717,18,1,Bachelor,0,10,1
25,17482,30266,855,1,1,High School,1,2,1
28,10742,30209,377,21,1,Master,0,10,1
39,19165,24000,625,19,0,High School,1,1,0
41,24826,14011,656,32,1,PhD,0,10,1
58,5490,2866,715,7,0,High School,0,8,1
34,26364,47133,814,24,1,Bachelor,1,3,1
29,16324,5898,513,8,0,High School,1,1,1
63,28518,18395,373,33,1,High School,0,2,1
49,27045,39019,862,22,0,Master,0,3,1
32,21108,37707,878,4,0,Master,1,9,1
33,29910,4006,808,24,1,High School,1,5,1
39,27566,34393,631,7,1,Bachelor,1,4,1
45,22151,10956,392,15,1,Bachelor,0,2,1
37,4137,30663,818,14,1,Master,1,9,1
50,23501,6078,568,0,0,High School,0,7,0
27,6420,29631,675,21,1,Bachelor,0,7,0
57,8845,30140,303,2,1,High School,1,6,0
49,24162,41691,437,37,0,High School,0,2,0
50,6906,3961,530,13,1,Master,0,0,1
19,23021,29277,899,35,1,High School,0,4,1
50,22337,41574,828,17,1,High School,0,0,1
50,25313,31417,351,40,1,Bachelor,1,5,1
58,29943,22484,624,17,1,Bachelor,1,10,1
30,15413,18103,576,2,0,High School,0,6,0
47,3276,29345,835,9,0,High School,1,4,0
50,21383,46326,785,38,1,Master,1,3,1
30,20611,39454,815,0,0,High School,1,1,0
43,9337,1587,451,26,0,Bachelor,0,4,1
39,14944,42571,782,26,1,Bachelor,1,8,1
56,23119,21031,558,10,1,High School,1,3,1
19,18906,26212,623,4,0,Master,0,1,0
55,20079,10350,467,6,1,Bachelor,0,5,1
56,28885,18816,609,18,1,High School,0,7,1
43,23536,20288,778,28,0,Bachelor,1,1,1
63,27285,29432,355,14,1,Bachelor,0,8,1
32,26854,44222,772,34,1,Bachelor,1,6,1
51,15306,48617,595,36,1,Master,0,1,1
59,26921,6837,760,11,1,High School,1,10,1
61,13503,34217,623,29,0,High School,0,4,0
57,22225,20884,440,19,1,High School,1,4,1
28,7208,5454,561,36,0,High School,1,6,0
20,14590,9424,719,2,1,High School,0,4,1
23,28117,36885,540,8,1,Master,0,10,1
26,13886,41637,654,40,1,Bachelor,0,5,1
23,15866,43618,888,38,0,Bachelor,1,8,1
26,4088,18412,479,25,0,Bachelor,1,2,1
56,6363,47111,365,1,0,Master,0,2,0
48,3024,39613,647,22,1,High School,0,7,0
49,12764,20142,470,22,0,Master,0,9,0
58,25528,37392,773,20,1,High School,1,5,1
29,25052,8848,833,15,0,Master,1,9,1
25,23620,49317,666,8,1,Bachelor,1,2,1
25,12959,13136,406,12,0,High School,0,1,0
45,15935,589,738,27,1,Bachelor,0,1,1
37,11068,20908,526,26,1,Bachelor,1,1,0
64,21619,6509,743,16,1,High School,0,4,1
24,10295,40461,741,37,1,Bachelor,1,4,1
28,11392,42222,695,35,1,High School,0,0,0
37,14390,49223,880,0,1,High School,0,1,0
33,11448,44476,383,17,0,Master,1,1,0
21,23131,45710,850,8,0,Bachelor,1,3,1
23,13433,49420,312,12,1,Master,1,6,1
39,18038,9968,792,39,1,Bachelor,0,2,1
43,22559,2462,567,14,1,High School,0,4,1
20,14528,9460,824,3,0,Bachelor,1,10,1
58,24281,33783,419,32,0,Bachelor,1,8,1
59,24421,9275,652,23,0,PhD,1,4,1
31,18743,28677,356,35,0,High School,0,8,0
28,26811,13269,339,40,0,Master,1,0,1
35,11605,406,635,9,0,Master,1,8,1
29,5014,7384,472,35,0,Bachelor,1,4,1
40,4381,22553,846,19,1,Master,1,7,1
29,4098,24366,558,40,0,High School,0,4,0
30,22810,44036,816,10,1,PhD,1,5,1
42,23039,17369,822,11,0,Bachelor,1,7,1
62,27322,11795,416,17,1,High School,1,1,1
36,12101,4485,483,29,1,Master,1,2,1
63,3187,41669,415,36,0,High School,1,10,0
53,14948,2618,461,19,1,High School,1,8,1
62,13207,30143,878,24,0,Bachelor,0,4,1
25,24793,29425,842,11,1,High School,0,4,1
46,5092,22673,886,20,0,High School,0,8,0
49,21514,9603,536,24,1,Master,0,9,1
61,8242,39696,365,10,1,High School,0,2,0
35,11549,5368,369,8,0,High School,0,3,0
23,25031,4621,746,24,1,High School,0,6,1
35,8185,14719,715,34,0,High School,0,1,0
36,18271,29227,831,31,1,Bachelor,0,7,1
39,8776,43894,740,13,1,Bachelor,0,4,1
54,29998,7566,763,0,1,Master,1,0,1
49,15449,12306,695,16,0,Bachelor,1,2,1
58,27297,24042,850,24,1,High School,0,8,1
20,26931,15086,856,7,1,Master,1,4,1
45,10823,17387,694,4,0,Bachelor,1,7,1
27,18717,27042,625,4,0,Bachelor,0,0,0
52,10355,23888,390,40,0,Bachelor,1,6,0
46,9465,26514,369,34,1,Master,1,6,1
32,15737,18323,465,18,0,Bachelor,1,7,1
50,20881,18019,513,22,1,High School,0,2,1
24,16324,9890,900,8,0,Bachelor,1,0,1
29,13350,40863,634,29,0,High School,0,10,0
47,5555,45487,668,15,1,High School,1,8,0
38,24793,10283,883,32,1,High School,1,0,1
48,29918,18279,348,1,1,High School,1,10,0
41,5951,46999,351,13,1,High School,1,5,0
37,20622,22908,588,0,1,High School,0,8,0
54,28549,47466,538,25,0,Bachelor,1,1,0
21,7727,37952,432,24,0,Master,1,3,0
45,23349,35170,465,15,1,PhD,0,1,1
61,8686,37663,673,14,1,High School,1,3,1
37,28626,44172,672,25,1,Bachelor,0,1,1
41,6701,47929,777,15,0,Master,0,0,0
49,5780,9343,778,13,0,High School,1,10,1
58,26782,10637,890,28,0,Bachelor,0,2,1
53,20972,34724,599,23,1,Bachelor,1,7,1
51,5368,39791,381,14,1,High School,0,4,0
53,18592,29134,386,18,1,Master,0,3,1
19,25173,46830,524,7,0,Master,1,4,1
32,3436,47101,315,33,1,High School,0,5,0
51,5828,3907,657,1,1,High School,1,5,0
53,4556,33575,462,26,0,High School,1,4,0
23,26954,46799,813,9,1,High School,1,10,1
56,16364,4827,649,34,0,Bachelor,1,5,1
59,26864,30607,763,22,0,Bachelor,1,8,1
